Id,ActivityDate,TotalSteps_x,TotalDistance,TrackerDistance,LoggedActivitiesDistance,VeryActiveDistance,ModeratelyActiveDistance,LightActiveDistance,SedentaryActiveDistance,VeryActiveMinutes,FairlyActiveMinutes,LightlyActiveMinutes,SedentaryMinutes,Calories,TotalDailyCalories,TotalSteps_y,TotalIntensity,AverageIntensity,AverageCalculatedIntensity,AverageIntensityDifference,ActivityLevel
1503960366,2016-04-12,13162,8.5,8.5,0.0,1.87999999523163,0.550000011920929,6.05999994277954,0.0,25,13,328,728,1985,1985.2045922279358,13158.0,429.0,0.29791666666666666,0.29791666666666666,-1.734723475976807e-18,High
1503960366,2016-04-13,10735,6.96999979019165,6.96999979019165,0.0,1.57000005245209,0.689999997615814,4.71000003814697,0.0,21,19,217,776,1797,1797.8602986335752,10735.0,318.0,0.220833375,0.22083333333333333,4.166666666150417e-08,High
1503960366,2016-04-14,10460,6.73999977111816,6.73999977111816,0.0,2.44000005722046,0.400000005960464,3.91000008583069,0.0,30,11,181,1218,1776,1776.624798297882,10460.0,293.0,0.20347225,0.20347222222222225,2.7777777779202973e-08,High
1503960366,2016-04-15,9762,6.28000020980835,6.28000020980835,0.0,2.14000010490417,1.25999999046326,2.82999992370605,0.0,29,34,209,726,1745,1745.2434492111204,9685.0,364.0,0.25277770833333335,0.25277777777777777,-6.944444443911697e-08,Moderate
1503960366,2016-04-16,12669,8.15999984741211,8.15999984741211,0.0,2.71000003814697,0.409999996423721,5.03999996185303,0.0,36,10,221,773,1863,1863.5330462455747,12669.0,349.0,0.24236112499999998,0.2423611111111111,1.3888888893576895e-08,High
1503960366,2016-04-17,9705,6.48000001907349,6.48000001907349,0.0,3.19000005722046,0.779999971389771,2.50999999046326,0.0,38,20,164,539,1728,1728.0977497100828,9705.0,318.0,0.22083333333333333,0.22083333333333333,-3.3248866622888804e-18,Moderate
1503960366,2016-04-18,13019,8.59000015258789,8.59000015258789,0.0,3.25,0.639999985694885,4.71000003814697,0.0,42,16,233,1149,1921,1921.6553945541382,13019.0,391.0,0.27152775,0.27152777777777776,-2.7777777774432483e-08,High
1503960366,2016-04-19,15506,9.88000011444092,9.88000011444092,0.0,3.52999997138977,1.32000005245209,5.03000020980835,0.0,50,31,264,775,2035,2035.6978917121885,15506.0,476.0,0.3305556666666667,0.33055555555555555,1.1111111111854662e-07,High
1503960366,2016-04-20,10544,6.67999982833862,6.67999982833862,0.0,1.96000003814697,0.479999989271164,4.23999977111816,0.0,28,12,205,818,1786,1786.6133480072021,10544.0,313.0,0.21736104166666667,0.21736111111111112,-6.944444444475482e-08,High
1503960366,2016-04-21,9819,6.34000015258789,6.34000015258789,0.0,1.3400000333786,0.349999994039536,4.65000009536743,0.0,19,8,211,838,1775,1775.680998802185,9819.0,284.0,0.197222125,0.19722222222222222,-9.722222222193395e-08,Moderate
1503960366,2016-04-22,12764,8.13000011444092,8.13000011444092,0.0,4.76000022888184,1.12000000476837,2.24000000953674,0.0,66,27,130,1217,1827,1827.9832468032835,12764.0,382.0,0.2652778333333333,0.2652777777777778,5.555555555580386e-08,High
1503960366,2016-04-23,14371,9.03999996185303,9.03999996185303,0.0,2.80999994277954,0.870000004768372,5.3600001335144,0.0,41,21,262,732,1949,1949.418843269348,14371.0,427.0,0.29652775000000003,0.2965277777777778,-2.7777777776600888e-08,High
1503960366,2016-04-24,10039,6.40999984741211,6.40999984741211,0.0,2.92000007629395,0.209999993443489,3.27999997138977,0.0,39,5,238,709,1788,1788.9728479385374,10039.0,365.0,0.25347225,0.2534722222222222,2.7777777799585974e-08,High
1503960366,2016-04-25,15355,9.80000019073486,9.80000019073486,0.0,5.28999996185303,0.569999992847443,3.94000005722046,0.0,73,14,216,814,2013,2013.1253414154053,15355.0,463.0,0.3215277916666667,0.3215277777777778,1.3888888887505363e-08,High
1503960366,2016-04-26,13755,8.78999996185303,8.78999996185303,0.0,2.32999992370605,0.920000016689301,5.53999996185303,0.0,31,23,279,833,1970,1970.6543426513672,13755.0,418.0,0.2902777916666667,0.2902777777777778,1.3888888892998654e-08,High
1503960366,2016-04-27,18134,12.210000038147,12.210000038147,0.0,6.40000009536743,0.409999996423721,5.40999984741211,0.0,78,11,243,1108,2159,2159.021087169647,18125.0,499.0,0.34652779166666664,0.34652777777777777,1.3888888880711029e-08,High
1503960366,2016-04-28,13154,8.52999973297119,8.52999973297119,0.0,3.53999996185303,1.1599999666214,3.78999996185303,0.0,48,28,189,782,1898,1898.6895952224731,13091.0,389.0,0.270138875,0.2701388888888889,-1.3888888889095527e-08,High
1503960366,2016-04-29,11181,7.15000009536743,7.15000009536743,0.0,1.05999994277954,0.5,5.57999992370605,0.0,16,12,243,815,1837,1837.657196521759,11181.0,315.0,0.21875,0.21875,-4.04768811061255e-18,High
1503960366,2016-04-30,14673,9.25,9.25,0.0,3.55999994277954,1.41999995708466,4.26999998092651,0.0,52,34,217,712,1947,1947.6098933219907,14673.0,441.0,0.30625004166666664,0.30624999999999997,4.166666667104515e-08,High
1503960366,2016-05-01,10602,6.80999994277954,6.80999994277954,0.0,2.28999996185303,1.60000002384186,2.92000007629395,0.0,33,35,246,730,1820,1831.129246711731,10602.0,415.0,0.28819445833333335,0.2881944444444445,1.3888888881722952e-08,High
1503960366,2016-05-02,14727,9.71000003814697,9.71000003814697,0.0,3.21000003814697,0.569999992847443,5.92000007629395,0.0,41,15,277,798,2004,2017.7656922340393,14710.0,430.0,0.2986112083333333,0.2986111111111111,9.722222222294588e-08,High
1503960366,2016-05-03,15103,9.65999984741211,9.65999984741211,0.0,3.73000001907349,1.04999995231628,4.88000011444092,0.0,50,24,254,816,1990,1990.7728084325795,15103.0,452.0,0.313888875,0.3138888888888889,-1.3888888893721455e-08,High
1503960366,2016-05-04,11100,7.15000009536743,7.15000009536743,0.0,2.46000003814697,0.870000004768372,3.8199999332428,0.0,36,22,203,1179,1819,1819.6462056040768,11100.0,355.0,0.2465277916666667,0.2465277777777778,1.3888888892275852e-08,High
1503960366,2016-05-05,14070,8.89999961853027,8.89999961853027,0.0,2.92000007629395,1.08000004291534,4.88000011444092,0.0,45,24,250,857,1959,1959.9075015187266,14047.0,433.0,0.30069445833333336,0.30069444444444443,1.3888888881722952e-08,High
1503960366,2016-05-06,12159,8.02999973297119,8.02999973297119,0.0,1.97000002861023,0.25,5.80999994277954,0.0,24,6,289,754,1896,1896.6141029596333,12159.0,373.0,0.25902787499999996,0.2590277777777778,9.722222222222308e-08,High
1503960366,2016-05-07,11992,7.71000003814697,7.71000003814697,0.0,2.46000003814697,2.11999988555908,3.13000011444092,0.0,37,46,175,833,1821,1821.5215634107594,11992.0,378.0,0.2625000416666667,0.2625,4.166666666959954e-08,High
1503960366,2016-05-08,10060,6.57999992370605,6.57999992370605,0.0,3.52999997138977,0.319999992847443,2.73000001907349,0.0,44,8,203,574,1740,1740.5685304403307,10060.0,351.0,0.24375,0.24375,-2.6020852139652106e-18,High
1503960366,2016-05-09,12022,7.71999979019165,7.71999979019165,0.0,3.45000004768372,0.529999971389771,3.74000000953674,0.0,46,11,206,835,1819,1819.8024897575383,12022.0,366.0,0.25416679166666667,0.25416666666666665,1.25000000003739e-07,High
1503960366,2016-05-10,12207,7.76999998092651,7.76999998092651,0.0,3.34999990463257,1.1599999666214,3.25999999046326,0.0,46,31,214,746,1859,1859.5757474899297,12207.0,414.0,0.2875,0.2875,2.8912057932946786e-18,High
1503960366,2016-05-11,12770,8.13000011444092,8.13000011444092,0.0,2.55999994277954,1.00999999046326,4.55000019073486,0.0,36,23,251,669,1783,1723.2214440107348,11890.0,393.0,0.3119048095238095,0.3119047619047619,4.761904761298241e-08,High
1503960366,2016-05-12,0,0.0,0.0,0.0,0.0,0.0,0.0,0.0,0,0,0,1440,0,,,,,,,Low
1624580081,2016-04-12,8163,5.30999994277954,5.30999994277954,0.0,0.0,0.0,5.30999994277954,0.0,0,0,146,1294,1432,1432.1453657150264,8163.0,146.0,0.10138891666666666,0.10138888888888888,2.7777777779202973e-08,Moderate
1624580081,2016-04-13,7007,4.55000019073486,4.55000019073486,0.0,0.0,0.0,4.55000019073486,0.0,0,0,148,1292,1411,1411.8689649105067,7007.0,148.0,0.10277775,0.10277777777777779,-2.7777777775444407e-08,Moderate
1624580081,2016-04-14,9107,5.92000007629395,5.92000007629395,0.0,0.0,0.0,5.90999984741211,0.0099999997764825,0,0,236,1204,1572,1572.0857732295985,9107.0,236.0,0.16388895833333333,0.1638888888888889,6.944444444417659e-08,Moderate
1624580081,2016-04-15,1510,0.980000019073486,0.980000019073486,0.0,0.0,0.0,0.970000028610229,0.0,0,0,96,1344,1344,1344.0593616962428,1490.0,96.0,0.06666670833333334,0.06666666666666667,4.1666666666563775e-08,Low
1624580081,2016-04-16,5370,3.49000000953674,3.49000000953674,0.0,0.0,0.0,3.49000000953674,0.0,0,0,176,1264,1463,1463.7233664989467,5370.0,176.0,0.12222220833333335,0.12222222222222223,-1.3888888885915199e-08,Moderate
1624580081,2016-04-17,6175,4.05999994277954,4.05999994277954,0.0,1.02999997138977,1.51999998092651,1.49000000953674,0.0099999997764825,15,22,127,1276,1554,1554.4685666561122,6150.0,216.0,0.15000004166666667,0.15,4.16666666690213e-08,Moderate
1624580081,2016-04-18,10536,7.40999984741211,7.40999984741211,0.0,2.15000009536743,0.620000004768372,4.61999988555908,0.0099999997764825,17,7,202,1214,1604,1604.4947700500484,10536.0,267.0,0.18541675,0.18541666666666667,8.33333333296581e-08,High
1624580081,2016-04-19,2916,1.89999997615814,1.89999997615814,0.0,0.0,0.0,1.89999997615814,0.0,0,0,141,1299,1435,1435.4693642854686,2916.0,141.0,0.09791675,0.09791666666666667,8.333333333529595e-08,Low
1624580081,2016-04-20,4974,3.23000001907349,3.23000001907349,0.0,0.0,0.0,3.23000001907349,0.0,0,0,151,1289,1446,1446.1061633825298,4974.0,151.0,0.104861125,0.10486111111111111,1.3888888894010576e-08,Low
1624580081,2016-04-21,6349,4.13000011444092,4.13000011444092,0.0,0.0,0.0,4.1100001335144,0.0199999995529652,0,0,186,1254,1467,1466.7149659395213,6349.0,186.0,0.129166625,0.12916666666666668,-4.166666666873218e-08,Moderate
1624580081,2016-04-22,4026,2.61999988555908,2.61999988555908,0.0,0.0,0.0,2.59999990463257,0.0,0,0,199,1241,1470,1470.8699649572368,4002.0,199.0,0.1381945,0.13819444444444445,5.5555555552189856e-08,Low
1624580081,2016-04-23,8538,5.55000019073486,5.55000019073486,0.0,0.0,0.0,5.53999996185303,0.0099999997764825,0,0,227,1213,1562,1562.9447706937785,8538.0,227.0,0.1576388333333333,0.15763888888888888,-5.5555555556960345e-08,Moderate
1624580081,2016-04-24,6076,3.95000004768372,3.95000004768372,0.0,1.14999997615814,0.910000026226044,1.88999998569489,0.0,16,18,185,1221,1617,1617.1259678602214,6076.0,269.0,0.18680549999999999,0.18680555555555556,-5.555555555247898e-08,Moderate
1624580081,2016-04-25,6497,4.21999979019165,4.21999979019165,0.0,0.0,0.0,4.19999980926514,0.0199999995529652,0,0,202,1238,1492,1492.475966930389,6487.0,202.0,0.14027779166666668,0.14027777777777778,1.3888888888083603e-08,Moderate
1624580081,2016-04-26,2826,1.8400000333786,1.8400000333786,0.0,0.0,0.0,1.83000004291534,0.0099999997764825,0,0,140,1300,1402,1402.2293632030483,2826.0,140.0,0.09722229166666667,0.09722222222222222,6.944444444605587e-08,Low
1624580081,2016-04-27,8367,5.44000005722046,5.44000005722046,0.0,1.11000001430511,1.87000000476837,2.46000003814697,0.0,17,36,154,1233,1670,1670.1437696218486,8367.0,277.0,0.19236116666666667,0.19236111111111112,5.555555555623754e-08,Moderate
1624580081,2016-04-28,2759,1.78999996185303,1.78999996185303,0.0,0.0,0.200000002980232,1.60000002384186,0.0,0,5,115,1320,1401,1401.8969624042509,2759.0,125.0,0.08680558333333332,0.08680555555555557,2.777777777746825e-08,Low
1624580081,2016-04-29,2390,1.54999995231628,1.54999995231628,0.0,0.0,0.0,1.54999995231628,0.0,0,0,150,1290,1404,1404.3899624347682,2390.0,150.0,0.10416670833333334,0.10416666666666667,4.166666666916586e-08,Low
1624580081,2016-04-30,6474,4.30000019073486,4.30000019073486,0.0,0.899999976158142,1.27999997138977,2.11999988555908,0.0099999997764825,11,23,224,1182,1655,1655.5181689262383,6474.0,303.0,0.21041670833333334,0.21041666666666667,4.1666666671334264e-08,Moderate
1624580081,2016-05-01,36019,28.0300006866455,28.0300006866455,0.0,21.9200000762939,4.19000005722046,1.9099999666214,0.0199999995529652,186,63,171,1020,2690,2690.77797627449,36019.0,855.0,0.5937500416666667,0.59375,4.166666664155485e-08,High
1624580081,2016-05-02,7155,4.92999982833862,4.92999982833862,0.0,0.860000014305115,0.589999973773956,3.47000002861023,0.0,7,6,166,1261,1497,1497.1295648813243,7155.0,199.0,0.13819441666666668,0.13819444444444445,-2.7777777773565122e-08,Moderate
1624580081,2016-05-03,2100,1.37000000476837,1.37000000476837,0.0,0.0,0.0,1.3400000333786,0.0199999995529652,0,0,96,1344,1334,1334.253561019897,2100.0,96.0,0.06666675,0.06666666666666667,8.333333333211564e-08,Low
1624580081,2016-05-04,2193,1.42999994754791,1.42999994754791,0.0,0.0,0.0,1.41999995708466,0.0,0,0,118,1322,1368,1368.823162078857,2193.0,118.0,0.0819445,0.08194444444444444,5.555555555667122e-08,Low
1624580081,2016-05-05,2470,1.61000001430511,1.61000001430511,0.0,0.0,0.0,1.58000004291534,0.0199999995529652,0,0,117,1323,1370,1370.8175617456432,2470.0,117.0,0.08125008333333333,0.08125,8.333333333500684e-08,Low
1624580081,2016-05-06,1727,1.12000000476837,1.12000000476837,0.0,0.0,0.0,1.12000000476837,0.0099999997764825,0,0,102,1338,1341,1341.2339613437648,1727.0,102.0,0.07083333333333333,0.07083333333333333,3.758567531283082e-18,Low
1624580081,2016-05-07,2104,1.37000000476837,1.37000000476837,0.0,0.0,0.0,1.37000000476837,0.0,0,0,182,1258,1474,1474.0277647972102,2104.0,182.0,0.12638895833333333,0.12638888888888888,6.944444444533307e-08,Low
1624580081,2016-05-08,3427,2.23000001907349,2.23000001907349,0.0,0.0,0.0,2.22000002861023,0.0,0,0,152,1288,1427,1427.3255646228786,3427.0,152.0,0.105555625,0.10555555555555556,6.94444444485134e-08,Low
1624580081,2016-05-09,1732,1.12999999523163,1.12999999523163,0.0,0.0,0.0,1.12999999523163,0.0,0,0,91,1349,1328,1328.6027604341502,1732.0,91.0,0.0631945,0.06319444444444444,5.555555555623754e-08,Low
1624580081,2016-05-10,2969,1.92999994754791,1.92999994754791,0.0,0.0,0.0,1.91999995708466,0.0099999997764825,0,0,139,1301,1393,1393.2545646429057,2969.0,139.0,0.096527875,0.09652777777777778,9.722222222337956e-08,Low
1624580081,2016-05-11,3134,2.03999996185303,2.03999996185303,0.0,0.0,0.0,2.03999996185303,0.0,0,0,112,1328,1359,1359.0173621177669,3134.0,112.0,0.07777787500000001,0.07777777777777778,9.722222222627076e-08,Low
1624580081,2016-05-12,2971,1.92999994754791,1.92999994754791,0.0,0.0,0.0,1.91999995708466,0.0099999997764825,0,0,107,890,1002,957.9767762422559,2739.0,99.0,0.103125,0.103125,2.168404344971009e-18,Low
1644430081,2016-04-12,10694,7.76999998092651,7.76999998092651,0.0,0.140000000596046,2.29999995231628,5.32999992370605,0.0,2,51,256,1131,3199,3199.5870572328586,10694.0,364.0,0.25277775,0.25277777777777777,-2.7777777764457824e-08,High
1644430081,2016-04-13,8001,5.82000017166138,5.82000017166138,0.0,2.27999997138977,0.899999976158142,2.64000010490417,0.0,30,16,135,1259,2902,2902.7876976728458,8001.0,257.0,0.17847225,0.17847222222222223,2.7777777780214896e-08,Moderate
1644430081,2016-04-14,11037,8.02000045776367,8.02000045776367,0.0,0.360000014305115,2.55999994277954,5.09999990463257,0.0,5,58,252,1125,3226,3226.568817257883,11037.0,383.0,0.26597224999999997,0.2659722222222222,2.777777778729835e-08,High
1644430081,2016-04-15,5263,3.82999992370605,3.82999992370605,0.0,0.219999998807907,0.150000005960464,3.45000004768372,0.0,3,4,170,1263,2750,2750.4531756639503,5263.0,187.0,0.129861125,0.12986111111111112,1.3888888889673767e-08,Moderate
1644430081,2016-04-16,15300,11.1199998855591,11.1199998855591,0.0,4.09999990463257,1.87999999523163,5.09000015258789,0.0,51,42,212,1135,3493,3493.5758222341556,15223.0,449.0,0.3118055,0.31180555555555556,-5.5555555563321e-08,High
1644430081,2016-04-17,8757,6.36999988555908,6.36999988555908,0.0,2.25,0.569999992847443,3.54999995231628,0.0,29,13,186,1212,3011,3010.995795726778,8757.0,299.0,0.207638875,0.2076388888888889,-1.388888889083025e-08,Moderate
1644430081,2016-04-18,7132,5.19000005722046,5.19000005722046,0.0,1.07000005245209,1.66999995708466,2.45000004768372,0.0,15,33,121,1271,2806,2806.6651765108127,7132.0,232.0,0.16111108333333332,0.16111111111111112,-2.7777777783973463e-08,Moderate
1644430081,2016-04-19,11256,8.18000030517578,8.18000030517578,0.0,0.360000014305115,2.52999997138977,5.30000019073486,0.0,5,58,278,1099,3300,3254.3937538862247,11231.0,385.0,0.26736112500000003,0.2673611111111111,1.388888889140849e-08,High
1644430081,2016-04-20,2436,1.76999998092651,1.76999998092651,0.0,0.0,0.0,1.75999999046326,0.0099999997764825,0,0,125,1315,2430,2430.325844407083,2436.0,125.0,0.0868055,0.08680555555555557,-5.555555555161162e-08,Low
1644430081,2016-04-21,1223,0.889999985694885,0.889999985694885,0.0,0.0,0.0,0.879999995231628,0.0099999997764825,0,0,38,1402,2140,2140.5529892444615,1223.0,38.0,0.026388916666666668,0.02638888888888889,2.777777777833561e-08,Low
1644430081,2016-04-22,3673,2.67000007629395,2.67000007629395,0.0,0.0,0.0,2.66000008583069,0.0099999997764825,0,0,86,1354,2344,2344.3214883804326,3673.0,86.0,0.05972225,0.059722222222222225,2.7777777778624734e-08,Low
1644430081,2016-04-23,6637,4.82999992370605,4.82999992370605,0.0,0.0,0.579999983310699,4.25,0.0,0,15,160,1265,2677,2677.377585291863,6637.0,190.0,0.1319445,0.13194444444444445,5.55555555556593e-08,Moderate
1644430081,2016-04-24,3321,2.41000008583069,2.41000008583069,0.0,0.0,0.0,2.41000008583069,0.0,0,0,89,1351,2413,2413.743304371835,3321.0,89.0,0.061805625,0.06180555555555556,6.944444444547763e-08,Low
1644430081,2016-04-25,3580,2.59999990463257,2.59999990463257,0.0,0.589999973773956,0.0599999986588955,1.95000004768372,0.0,8,1,94,1337,2497,2497.4991830587405,3580.0,120.0,0.08333333333333333,0.08333333333333333,1.5901631863120731e-18,Low
1644430081,2016-04-26,9919,7.21000003814697,7.21000003814697,0.0,0.800000011920929,1.72000002861023,4.69000005722046,0.0,11,41,223,1165,3123,3123.1387368440646,9919.0,338.0,0.23472220833333335,0.2347222222222222,-1.3888888884614157e-08,Moderate
1644430081,2016-04-27,3032,2.20000004768372,2.20000004768372,0.0,0.0,0.0,2.20000004768372,0.0,0,0,118,1322,2489,2489.6294989585895,3032.0,118.0,0.0819445,0.08194444444444444,5.555555555724947e-08,Low
1644430081,2016-04-28,9405,6.84000015258789,6.84000015258789,0.0,0.200000002980232,2.3199999332428,4.30999994277954,0.0,3,53,227,1157,3108,3108.8046721220035,9405.0,342.0,0.23750000000000002,0.23750000000000002,-1.734723475976807e-18,Moderate
1644430081,2016-04-29,3176,2.30999994277954,2.30999994277954,0.0,0.0,0.0,2.30999994277954,0.0,0,0,120,1193,2498,2498.0613009929675,3176.0,120.0,0.083333375,0.08333333333333333,4.166666666815394e-08,Low
1644430081,2016-04-30,18213,13.2399997711182,13.2399997711182,0.0,0.629999995231628,3.14000010490417,9.46000003814697,0.0,9,71,402,816,3846,3846.3061187267317,18213.0,571.0,0.3965278333333333,0.3965277777777778,5.555555554944321e-08,High
1644430081,2016-05-01,6132,4.46000003814697,4.46000003814697,0.0,0.239999994635582,0.990000009536743,3.23000001907349,0.0,3,24,146,908,2696,2696.208602547647,6132.0,203.0,0.14097216666666668,0.14097222222222222,-5.5555555547130244e-08,Moderate
1644430081,2016-05-02,3758,2.73000001907349,2.73000001907349,0.0,0.0700000002980232,0.310000002384186,2.34999990463257,0.0,1,7,148,682,2580,2536.285462737085,3728.0,142.0,0.09861116666666665,0.09861111111111111,5.555555555406914e-08,Low
1644430081,2016-05-03,12850,9.34000015258789,9.34000015258789,0.0,0.720000028610229,4.09000015258789,4.53999996185303,0.0,10,94,221,1115,3324,3321.004976272585,12789.0,436.0,0.30277783333333336,0.30277777777777776,5.5555555559851553e-08,High
1644430081,2016-05-04,2309,1.67999994754791,1.67999994754791,0.0,0.0,0.0,1.6599999666214,0.0199999995529652,0,0,52,1388,2222,2222.903569936753,2309.0,52.0,0.036111125,0.036111111111111115,1.3888888890685689e-08,Low
1644430081,2016-05-05,4363,3.19000005722046,3.19000005722046,0.0,0.519999980926514,0.540000021457672,2.13000011444092,0.0099999997764825,6,12,81,1341,2463,2463.912514567376,4363.0,123.0,0.08541666666666665,0.08541666666666665,4.481368979606752e-18,Low
1644430081,2016-05-06,9787,7.11999988555908,7.11999988555908,0.0,0.819999992847443,0.270000010728836,6.01000022888184,0.0199999995529652,11,6,369,1054,3328,3384.2434737682365,9758.0,424.0,0.2944444583333333,0.29444444444444445,1.3888888883602235e-08,Moderate
1644430081,2016-05-07,13372,9.72000026702881,9.72000026702881,0.0,3.25999999046326,0.790000021457672,5.67000007629395,0.0099999997764825,41,17,243,1139,3404,3404.0582065582294,13372.0,400.0,0.27777783333333333,0.2777777777777778,5.5555555557394026e-08,High
1644430081,2016-05-08,6724,4.8899998664856,4.8899998664856,0.0,0.0,0.0,4.88000011444092,0.0,0,0,295,991,2987,2987.948878586294,6724.0,295.0,0.204861125,0.20486111111111113,1.3888888887649923e-08,Moderate
1644430081,2016-05-09,6643,4.82999992370605,4.82999992370605,0.0,2.39000010490417,0.349999994039536,2.08999991416931,0.0099999997764825,32,6,303,1099,3008,3008.466261744499,6643.0,411.0,0.28541675,0.28541666666666665,8.333333332734515e-08,Moderate
1644430081,2016-05-10,9167,6.65999984741211,6.65999984741211,0.0,0.879999995231628,0.810000002384186,4.96999979019165,0.0099999997764825,12,19,155,1254,2799,2799.919747114182,9167.0,229.0,0.15902779166666667,0.15902777777777777,1.3888888884180476e-08,Moderate
1644430081,2016-05-11,1329,0.970000028610229,0.970000028610229,0.0,0.0,0.0,0.949999988079071,0.0099999997764825,0,0,49,713,1276,1179.0467112064368,989.0,40.0,0.05555541666666667,0.05555555555555555,-1.3888888888517284e-07,Low
1844505072,2016-04-12,6697,4.42999982833862,4.42999982833862,0.0,0.0,0.0,4.42999982833862,0.0,0,0,339,1101,2030,2030.8433204293258,6697.0,339.0,0.23541662500000002,0.2354166666666667,-4.1666666664973616e-08,Moderate
1844505072,2016-04-13,4929,3.25999999046326,3.25999999046326,0.0,0.0,0.0,3.25999999046326,0.0,0,0,248,1192,1860,1860.1716321110732,4929.0,248.0,0.17222229166666667,0.1722222222222222,6.944444444663411e-08,Low
1844505072,2016-04-14,7937,5.25,5.25,0.0,0.0,0.0,5.23000001907349,0.0,0,0,373,843,2130,2130.7760875225076,7905.0,373.0,0.25902783333333335,0.2590277777777778,5.5555555556960345e-08,Moderate
1844505072,2016-04-15,3844,2.53999996185303,2.53999996185303,0.0,0.0,0.0,2.53999996185303,0.0,0,0,176,527,1725,1725.9922431707387,3844.0,176.0,0.12222220833333335,0.12222222222222222,-1.3888888886782561e-08,Low
1844505072,2016-04-16,3414,2.25999999046326,2.25999999046326,0.0,0.0,0.0,2.25999999046326,0.0,0,0,147,1293,1657,1657.686136245728,3414.0,147.0,0.10208333333333335,0.10208333333333335,4.336808689942018e-19,Low
1844505072,2016-04-17,4525,2.99000000953674,2.99000000953674,0.0,0.140000000596046,0.259999990463257,2.58999991416931,0.0,2,8,199,1231,1793,1793.924066841603,4525.0,221.0,0.15347220833333333,0.15347222222222223,-1.3888888893143214e-08,Low
1844505072,2016-04-18,4597,3.03999996185303,3.03999996185303,0.0,0.0,0.479999989271164,2.55999994277954,0.0,0,12,217,1211,1814,1813.7609074115758,4597.0,241.0,0.167361125,0.1673611111111111,1.3888888892420412e-08,Low
1844505072,2016-04-19,197,0.129999995231628,0.129999995231628,0.0,0.0,0.0,0.129999995231628,0.0,0,0,10,1430,1366,1366.496280014515,197.0,10.0,0.006944458333333334,0.006944444444444445,1.3888888889095527e-08,Low
1844505072,2016-04-20,8,0.0099999997764825,0.0099999997764825,0.0,0.0,0.0,0.0099999997764825,0.0,0,0,1,1439,1349,1349.4665392637253,8.0,1.0,0.0006944583333333334,0.0006944444444444445,1.3888888888950965e-08,Low
1844505072,2016-04-21,8054,5.32000017166138,5.32000017166138,0.0,0.119999997317791,0.519999980926514,4.67999982833862,0.0,2,13,308,1117,2062,2062.844261229039,8054.0,340.0,0.23611116666666665,0.23611111111111113,5.555555555406914e-08,Moderate
1844505072,2016-04-22,5372,3.54999995231628,3.54999995231628,0.0,0.0,0.0,3.54999995231628,0.0,0,0,220,1220,1827,1827.9835464358334,5372.0,220.0,0.15277775000000002,0.15277777777777776,-2.7777777774721606e-08,Moderate
1844505072,2016-04-23,3570,2.35999989509583,2.35999989509583,0.0,0.0,0.0,2.35999989509583,0.0,0,0,139,1301,1645,1645.1477532386782,3570.0,139.0,0.09652783333333333,0.09652777777777778,5.5555555551756175e-08,Low
1844505072,2016-04-24,0,0.0,0.0,0.0,0.0,0.0,0.0,0.0,0,0,0,1440,1347,1347.4079990386963,0.0,0.0,0.0,0.0,0.0,Low
1844505072,2016-04-25,0,0.0,0.0,0.0,0.0,0.0,0.0,0.0,0,0,0,1440,1347,1347.4079990386963,0.0,0.0,0.0,0.0,0.0,Low
1844505072,2016-04-26,0,0.0,0.0,0.0,0.0,0.0,0.0,0.0,0,0,0,1440,1347,1347.4079990386963,0.0,0.0,0.0,0.0,0.0,Low
1844505072,2016-04-27,4,0.0,0.0,0.0,0.0,0.0,0.0,0.0,0,0,1,1439,1348,1348.9051191806793,4.0,1.0,0.0006944583333333334,0.0006944444444444445,1.3888888888950965e-08,Low
1844505072,2016-04-28,6907,4.57000017166138,4.57000017166138,0.0,0.0,0.0,4.55999994277954,0.0,0,0,302,1138,1992,1992.4796163439757,6899.0,302.0,0.20972225,0.20972222222222223,2.7777777775878087e-08,Moderate
1844505072,2016-04-29,4920,3.25,3.25,0.0,0.0,0.0,3.25,0.0,0,0,247,1082,1856,1856.4288311600692,4920.0,247.0,0.17152779166666665,0.17152777777777775,1.388888889083025e-08,Low
1844505072,2016-04-30,4014,2.67000007629395,2.67000007629395,0.0,0.0,0.0,2.65000009536743,0.0,0,0,184,218,1763,1763.2331088781361,4014.0,184.0,0.127777875,0.1277777777777778,9.722222222366868e-08,Low
1844505072,2016-05-01,2573,1.70000004768372,1.70000004768372,0.0,0.0,0.259999990463257,1.45000004768372,0.0,0,7,75,585,1541,1541.6593274474146,2573.0,89.0,0.06180558333333334,0.06180555555555556,2.7777777779347534e-08,Low
1844505072,2016-05-02,0,0.0,0.0,0.0,0.0,0.0,0.0,0.0,0,0,0,1440,1348,1348.156559228897,0.0,0.0,0.0,0.0,0.0,Low
1844505072,2016-05-03,4059,2.6800000667572,2.6800000667572,0.0,0.0,0.0,2.6800000667572,0.0,0,0,184,1256,1742,1742.8348437547688,4059.0,184.0,0.12777779166666667,0.12777777777777777,1.3888888887794484e-08,Low
1844505072,2016-05-04,2080,1.37000000476837,1.37000000476837,0.0,0.0,0.0,1.37000000476837,0.0,0,0,87,1353,1549,1549.7063531279566,2080.0,87.0,0.06041666666666667,0.06041666666666667,1.0119220276531375e-18,Low
1844505072,2016-05-05,2237,1.48000001907349,1.48000001907349,0.0,0.0,0.0,1.48000001907349,0.0,0,0,120,1320,1589,1589.9414545297625,2237.0,120.0,0.08333333333333333,0.08333333333333333,3.469446951953614e-18,Low
1844505072,2016-05-06,44,0.0299999993294477,0.0299999993294477,0.0,0.0,0.0,0.0299999993294477,0.0,0,0,2,1438,1351,1351.3379392027855,44.0,2.0,0.0013888750000000001,0.001388888888888889,-1.3888888888806405e-08,Low
1844505072,2016-05-07,0,0.0,0.0,0.0,0.0,0.0,0.0,0.0,0,0,0,1440,1347,1347.5951390862465,0.0,0.0,0.0,0.0,0.0,Low
1844505072,2016-05-08,0,0.0,0.0,0.0,0.0,0.0,0.0,0.0,0,0,0,1440,1347,1347.5951390862465,0.0,0.0,0.0,0.0,0.0,Low
1844505072,2016-05-09,0,0.0,0.0,0.0,0.0,0.0,0.0,0.0,0,0,0,1440,1347,1347.4079990386963,0.0,0.0,0.0,0.0,0.0,Low
1844505072,2016-05-10,0,0.0,0.0,0.0,0.0,0.0,0.0,0.0,0,0,0,1440,1347,1347.4079990386963,0.0,0.0,0.0,0.0,0.0,Low
1844505072,2016-05-11,0,0.0,0.0,0.0,0.0,0.0,0.0,0.0,0,0,0,1440,1347,1347.4079990386963,0.0,0.0,0.0,0.0,0.0,Low
1844505072,2016-05-12,0,0.0,0.0,0.0,0.0,0.0,0.0,0.0,0,0,0,711,665,617.5619995594025,0.0,0.0,0.0,0.0,0.0,Low
1927972279,2016-04-12,678,0.469999998807907,0.469999998807907,0.0,0.0,0.0,0.469999998807907,0.0,0,0,55,734,2220,2193.2194148302065,678.0,55.0,0.03819441666666667,0.03819444444444444,-2.777777777717913e-08,Low
1927972279,2016-04-13,356,0.25,0.25,0.0,0.0,0.0,0.25,0.0,0,0,32,986,2151,2151.0558328628567,356.0,32.0,0.022222208333333337,0.022222222222222223,-1.3888888888517284e-08,Low
1927972279,2016-04-14,2163,1.5,1.5,0.0,0.0,0.400000005960464,1.10000002384186,0.0,0,9,88,1292,2383,2383.009962677958,2163.0,106.0,0.07361116666666667,0.07361111111111111,5.555555555941787e-08,Low
1927972279,2016-04-15,980,0.680000007152557,0.680000007152557,0.0,0.0,0.0,0.680000007152557,0.0,0,0,51,941,2221,2221.831213355067,980.0,51.0,0.035416666666666666,0.035416666666666666,4.336808689942018e-19,Low
1927972279,2016-04-16,0,0.0,0.0,0.0,0.0,0.0,0.0,0.0,0,0,0,1440,2064,2063.0880546569856,0.0,0.0,0.0,0.0,0.0,Low
1927972279,2016-04-17,0,0.0,0.0,0.0,0.0,0.0,0.0,0.0,0,0,0,1440,2063,2063.3745946884187,0.0,0.0,0.0,0.0,0.0,Low
1927972279,2016-04-18,244,0.170000001788139,0.170000001788139,0.0,0.0,0.0,0.170000001788139,0.0,0,0,17,1423,2111,2111.2267738580736,244.0,17.0,0.011805583333333335,0.011805555555555555,2.7777777778769292e-08,Low
1927972279,2016-04-19,0,0.0,0.0,0.0,0.0,0.0,0.0,0.0,0,0,0,1440,2063,2063.0880546569856,0.0,0.0,0.0,0.0,0.0,Low
1927972279,2016-04-20,0,0.0,0.0,0.0,0.0,0.0,0.0,0.0,0,0,0,1440,2063,2063.0880546569856,0.0,0.0,0.0,0.0,0.0,Low
1927972279,2016-04-21,0,0.0,0.0,0.0,0.0,0.0,0.0,0.0,0,0,0,1440,2064,2064.0909444093736,0.0,0.0,0.0,0.0,0.0,Low
1927972279,2016-04-22,149,0.100000001490116,0.100000001490116,0.0,0.0,0.0,0.100000001490116,0.0,0,0,10,1430,2093,2093.461294412616,149.0,10.0,0.006944458333333334,0.006944444444444444,1.3888888889384646e-08,Low
1927972279,2016-04-23,2945,2.03999996185303,2.03999996185303,0.0,0.0,0.0,2.03999996185303,0.0,0,0,145,1295,2499,2499.201929688456,2945.0,145.0,0.10069441666666668,0.10069444444444443,-2.777777777732369e-08,Low
1927972279,2016-04-24,2090,1.45000004768372,1.45000004768372,0.0,0.0700000002980232,0.239999994635582,1.13999998569489,0.0,1,6,75,1358,2324,2324.842341184619,2090.0,90.0,0.06250004166666666,0.0625,4.166666666323889e-08,Low
1927972279,2016-04-25,152,0.109999999403954,0.109999999403954,0.0,0.0,0.0,0.109999999403954,0.0,0,0,12,1303,2100,2098.9055542945894,152.0,12.0,0.008333333333333333,0.008333333333333333,0.0,Low
1927972279,2016-04-26,3761,2.59999990463257,2.59999990463257,0.0,0.0,0.0,2.59999990463257,0.0,0,0,192,1058,2638,2638.4603676795978,3761.0,192.0,0.133333375,0.13333333333333333,4.166666666714202e-08,Low
1927972279,2016-04-27,0,0.0,0.0,0.0,0.0,0.0,0.0,0.0,0,0,0,1440,2063,2063.3745946884187,0.0,0.0,0.0,0.0,0.0,Low
1927972279,2016-04-28,1675,1.1599999666214,1.1599999666214,0.0,0.0,0.0,1.1599999666214,0.0,0,0,95,1167,2351,2351.2040222883247,1675.0,95.0,0.06597225,0.06597222222222222,2.777777777833561e-08,Low
1927972279,2016-04-29,0,0.0,0.0,0.0,0.0,0.0,0.0,0.0,0,0,0,1440,2063,2063.0880546569856,0.0,0.0,0.0,0.0,0.0,Low
1927972279,2016-04-30,0,0.0,0.0,0.0,0.0,0.0,0.0,0.0,0,0,0,1440,2064,2063.0880546569856,0.0,0.0,0.0,0.0,0.0,Low
1927972279,2016-05-01,2704,1.87000000476837,1.87000000476837,0.0,1.00999999046326,0.0299999993294477,0.829999983310699,0.0,14,1,70,1355,2411,2411.520695805552,2704.0,114.0,0.07916666666666668,0.07916666666666666,3.903127820947816e-18,Low
1927972279,2016-05-02,3790,2.61999988555908,2.61999988555908,0.0,1.1599999666214,0.300000011920929,1.1599999666214,0.0,16,8,94,1322,2505,2505.07600283623,3790.0,158.0,0.10972225000000001,0.10972222222222222,2.7777777775733526e-08,Low
1927972279,2016-05-03,1326,0.920000016689301,0.920000016689301,0.0,0.730000019073486,0.0,0.180000007152557,0.0,10,0,17,1413,2195,2195.899344801906,1326.0,47.0,0.03263891666666666,0.03263888888888889,2.7777777779781215e-08,Low
1927972279,2016-05-04,1786,1.24000000953674,1.24000000953674,0.0,0.0,0.0,1.24000000953674,0.0,0,0,87,1353,2338,2338.7395328283333,1786.0,87.0,0.06041679166666667,0.06041666666666667,1.250000000034499e-07,Low
1927972279,2016-05-05,0,0.0,0.0,0.0,0.0,0.0,0.0,0.0,0,0,0,1440,2063,2063.0880546569856,0.0,0.0,0.0,0.0,0.0,Low
1927972279,2016-05-06,2091,1.45000004768372,1.45000004768372,0.0,0.0,0.0,1.45000004768372,0.0,0,0,108,1332,2383,2383.009961128237,2091.0,108.0,0.075,0.075,-1.1564823173178713e-18,Low
1927972279,2016-05-07,1510,1.03999996185303,1.03999996185303,0.0,0.0,0.0,1.03999996185303,0.0,0,0,48,1392,2229,2229.9976034164456,1510.0,48.0,0.03333333333333333,0.03333333333333333,0.0,Low
1927972279,2016-05-08,0,0.0,0.0,0.0,0.0,0.0,0.0,0.0,0,0,0,1440,2063,2063.231324672702,0.0,0.0,0.0,0.0,0.0,Low
1927972279,2016-05-09,0,0.0,0.0,0.0,0.0,0.0,0.0,0.0,0,0,0,1440,2063,2063.0880546569856,0.0,0.0,0.0,0.0,0.0,Low
1927972279,2016-05-10,0,0.0,0.0,0.0,0.0,0.0,0.0,0.0,0,0,0,1440,2063,2063.0880546569856,0.0,0.0,0.0,0.0,0.0,Low
1927972279,2016-05-11,0,0.0,0.0,0.0,0.0,0.0,0.0,0.0,0,0,0,1440,2063,2063.0880546569856,0.0,0.0,0.0,0.0,0.0,Low
1927972279,2016-05-12,0,0.0,0.0,0.0,0.0,0.0,0.0,0.0,0,0,0,966,1383,1375.3920364379903,0.0,0.0,0.0,0.0,0.0,Low
2022484408,2016-04-12,11875,8.34000015258789,8.34000015258789,0.0,3.30999994277954,0.769999980926514,4.26000022888184,0.0,42,14,227,1157,2390,2390.341976642606,11875.0,381.0,0.264583375,0.26458333333333334,4.166666666323889e-08,High
2022484408,2016-04-13,12024,8.5,8.5,0.0,2.99000000953674,0.100000001490116,5.40999984741211,0.0,43,5,292,1100,2601,2601.9290115833255,12024.0,431.0,0.29930558333333335,0.29930555555555555,2.7777777775155287e-08,High
2022484408,2016-04-14,10690,7.5,7.5,0.0,2.48000001907349,0.209999993443489,4.82000017166138,0.0,32,3,257,1148,2312,2312.9295618534065,10690.0,359.0,0.24930554166666666,0.24930555555555556,-1.3888888891986731e-08,High
2022484408,2016-04-15,11034,8.02999973297119,8.02999973297119,0.0,1.94000005722046,0.310000002384186,5.78000020980835,0.0,27,9,282,1122,2525,2525.9693710803963,11034.0,381.0,0.26458333333333334,0.26458333333333334,3.469446951953614e-18,High
2022484408,2016-04-16,10100,7.09000015258789,7.09000015258789,0.0,3.15000009536743,0.550000011920929,3.39000010490417,0.0,41,11,151,1237,2177,2177.5097349882085,10100.0,296.0,0.20555562500000002,0.20555555555555557,6.944444444779059e-08,High
2022484408,2016-04-17,15112,11.3999996185303,11.3999996185303,0.0,3.86999988555908,0.660000026226044,6.88000011444092,0.0,28,29,331,1052,2782,2782.4888144731485,15112.0,473.0,0.3284722083333333,0.3284722222222222,-1.3888888889673767e-08,High
2022484408,2016-04-18,14131,10.0699996948242,10.0699996948242,0.0,3.64000010490417,0.119999997317791,6.30000019073486,0.0,48,3,311,1078,2770,2770.8665678501106,14131.0,461.0,0.32013891666666666,0.3201388888888889,2.7777777775155287e-08,High
2022484408,2016-04-19,11548,8.52999973297119,8.52999973297119,0.0,3.28999996185303,0.239999994635582,5.0,0.0,31,7,250,1152,2489,2488.4046367406813,11548.0,357.0,0.247916625,0.24791666666666667,-4.166666666786482e-08,High
2022484408,2016-04-20,15112,10.6700000762939,10.6700000762939,0.0,3.33999991416931,1.92999994754791,5.40000009536743,0.0,48,63,276,1053,2897,2897.2584198713284,15112.0,546.0,0.37916675,0.37916666666666665,8.333333331780417e-08,High
2022484408,2016-04-21,12453,8.73999977111816,8.73999977111816,0.0,3.32999992370605,1.11000001430511,4.30999994277954,0.0,104,53,255,1028,3158,3158.5512892007805,12453.0,673.0,0.46736112500000004,0.4673611111111111,1.3888888906731881e-08,High
2022484408,2016-04-22,12954,9.32999992370605,9.32999992370605,0.0,4.42999982833862,0.419999986886978,4.46999979019165,0.0,52,10,273,1105,2638,2638.974889636038,12954.0,449.0,0.3118055416666667,0.31180555555555556,-1.3888888886782561e-08,High
2022484408,2016-04-23,6001,4.21000003814697,4.21000003814697,0.0,0.0,0.0,4.21000003814697,0.0,0,0,249,1191,2069,2069.1738414764372,6001.0,249.0,0.17291674999999998,0.1729166666666667,8.333333333746436e-08,Moderate
2022484408,2016-04-24,13481,10.2799997329712,10.2799997329712,0.0,4.55000019073486,1.14999997615814,4.57999992370605,0.0,37,26,216,1161,2529,2529.7051029205286,13481.0,379.0,0.26319441666666665,0.26319444444444445,-2.7777777784262585e-08,High
2022484408,2016-04-25,11369,8.01000022888184,8.01000022888184,0.0,3.32999992370605,0.219999998807907,4.46000003814697,0.0,44,8,217,1171,2470,2470.2448982000315,11369.0,365.0,0.2534722916666667,0.25347222222222227,6.944444444489939e-08,High
2022484408,2016-04-26,10119,7.19000005722046,7.19000005722046,0.0,1.42999994754791,0.660000026226044,5.1100001335144,0.0,55,24,275,1086,2793,2793.2808830738045,10119.0,488.0,0.33888887500000003,0.33888888888888885,-1.388888889039657e-08,High
2022484408,2016-04-27,10159,7.13000011444092,7.13000011444092,0.0,1.03999996185303,0.970000028610229,5.11999988555908,0.0,19,20,282,1119,2463,2463.188529014584,10159.0,379.0,0.2631944583333333,0.26319444444444445,1.3888888888517284e-08,High
2022484408,2016-04-28,10140,7.11999988555908,7.11999988555908,0.0,0.409999996423721,1.33000004291534,5.3899998664856,0.0,6,20,291,1123,2296,2296.0150504112225,10140.0,349.0,0.24236116666666666,0.24236111111111114,5.555555554308256e-08,High
2022484408,2016-04-29,10245,7.19000005722046,7.19000005722046,0.0,0.479999989271164,1.21000003814697,5.5,0.0,21,40,281,1098,2611,2611.475851416585,10245.0,424.0,0.29444437500000004,0.29444444444444445,-6.944444444258642e-08,High
2022484408,2016-04-30,18387,12.9099998474121,12.9099998474121,0.0,0.939999997615814,1.39999997615814,10.5699996948242,0.0,13,23,361,1043,2732,2732.264126896856,18387.0,446.0,0.30972220833333336,0.3097222222222222,-1.388888888100015e-08,High
2022484408,2016-05-01,10538,7.40000009536743,7.40000009536743,0.0,1.94000005722046,0.959999978542328,4.5,0.0,25,28,245,1142,2380,2380.4838380813567,10538.0,376.0,0.26111100000000004,0.2611111111111111,-1.111111111084274e-07,High
2022484408,2016-05-02,10379,7.28999996185303,7.28999996185303,0.0,2.60999989509583,0.340000003576279,4.32999992370605,0.0,36,8,277,1119,2473,2473.9806094169585,10379.0,401.0,0.27847220833333336,0.27847222222222223,-1.3888888895456178e-08,High
2022484408,2016-05-03,12183,8.73999977111816,8.73999977111816,0.0,3.99000000953674,0.46000000834465,4.28000020980835,0.0,72,14,250,1104,2752,2752.291734814642,12183.0,494.0,0.3430555416666667,0.3430555555555555,-1.3888888893143214e-08,High
2022484408,2016-05-04,11768,8.28999996185303,8.28999996185303,0.0,2.50999999046326,0.930000007152557,4.84999990463257,0.0,36,27,272,1105,2649,2649.6632131338097,11768.0,434.0,0.3013889166666667,0.3013888888888889,2.7777777778769292e-08,High
2022484408,2016-05-05,11895,8.35000038146973,8.35000038146973,0.0,2.78999996185303,0.860000014305115,4.69999980926514,0.0,55,20,253,1112,2609,2609.2966905832263,11895.0,458.0,0.318055625,0.3180555555555556,6.944444443159985e-08,High
2022484408,2016-05-06,10227,7.17999982833862,7.17999982833862,0.0,1.87000000476837,0.670000016689301,4.6399998664856,0.0,24,17,295,1104,2498,2498.677861213682,10227.0,401.0,0.278472125,0.27847222222222223,-9.722222222655989e-08,High
2022484408,2016-05-07,6708,4.71000003814697,4.71000003814697,0.0,1.61000001430511,0.0799999982118607,3.01999998092651,0.0,20,2,149,1269,1995,1995.7046965360596,6708.0,213.0,0.14791666666666667,0.14791666666666667,-1.879283765641541e-18,Moderate
2022484408,2016-05-08,3292,2.30999994277954,2.30999994277954,0.0,0.0,0.0,2.30999994277954,0.0,0,0,135,1305,1848,1847.2098367214155,3292.0,135.0,0.09375,0.09375,1.1564823173178713e-18,Low
2022484408,2016-05-09,13379,9.39000034332275,9.39000034332275,0.0,2.11999988555908,1.62999999523163,5.6399998664856,0.0,35,47,297,1061,2709,2709.3309576511365,13379.0,496.0,0.3444444583333333,0.3444444444444445,1.388888889083025e-08,High
2022484408,2016-05-10,12798,8.97999954223633,8.97999954223633,0.0,2.22000002861023,1.21000003814697,5.55999994277954,0.0,57,28,271,1084,2797,2797.3279290199253,12798.0,498.0,0.345833375,0.3458333333333334,4.166666666150417e-08,High
2022484408,2016-05-11,13272,9.31999969482422,9.31999969482422,0.0,4.17999982833862,1.14999997615814,3.99000000953674,0.0,58,25,224,1133,2544,2544.647983551022,13272.0,448.0,0.311111125,0.3111111111111111,1.3888888887071682e-08,High
2022484408,2016-05-12,9117,6.40999984741211,6.40999984741211,0.0,1.27999997138977,0.670000016689301,4.44000005722046,0.0,16,16,236,728,1853,1622.9628175497037,8339.0,295.0,0.307291625,0.30729166666666663,-4.166666666208241e-08,Moderate
2026352035,2016-04-12,4414,2.74000000953674,2.74000000953674,0.0,0.189999997615814,0.349999994039536,2.20000004768372,0.0,3,8,181,706,1459,1459.5132873058324,4414.0,206.0,0.14305554166666667,0.14305555555555557,-1.3888888890541129e-08,Low
2026352035,2016-04-13,4993,3.09999990463257,3.09999990463257,0.0,0.0,0.0,3.09999990463257,0.0,0,0,238,663,1521,1521.9863462448125,4993.0,238.0,0.165277875,0.16527777777777777,9.722222222092204e-08,Low
2026352035,2016-04-14,3335,2.0699999332428,2.0699999332428,0.0,0.0,0.0,2.04999995231628,0.0,0,0,197,653,1431,1430.9120966196065,3305.0,197.0,0.13680545833333332,0.13680555555555554,-9.722222222265676e-08,Low
2026352035,2016-04-15,3821,2.36999988555908,2.36999988555908,0.0,0.0,0.0,2.36999988555908,0.0,0,0,188,687,1444,1444.941407680512,3821.0,188.0,0.1305555,0.13055555555555556,-5.5555555552189856e-08,Low
2026352035,2016-04-16,2547,1.58000004291534,1.58000004291534,0.0,0.0,0.0,1.58000004291534,0.0,0,0,150,728,1373,1373.7872273921969,2547.0,150.0,0.104166625,0.10416666666666667,-4.166666666092592e-08,Low
2026352035,2016-04-17,838,0.519999980926514,0.519999980926514,0.0,0.0,0.0,0.519999980926514,0.0,0,0,60,1053,1214,1214.9692386388779,838.0,60.0,0.041666666666666664,0.041666666666666664,1.4456028966473392e-19,Low
2026352035,2016-04-18,3325,2.05999994277954,2.05999994277954,0.0,0.0,0.0,2.05999994277954,0.0,0,0,182,1062,1419,1419.0530667304997,3325.0,182.0,0.12638875,0.12638888888888888,-1.388888888860402e-07,Low
2026352035,2016-04-19,2424,1.5,1.5,0.0,0.0,0.0,1.5,0.0,0,0,141,785,1356,1356.114947319031,2424.0,141.0,0.09791670833333334,0.09791666666666667,4.1666666669310424e-08,Low
2026352035,2016-04-20,7222,4.48000001907349,4.48000001907349,0.0,0.0,0.0,4.48000001907349,0.0,0,0,327,623,1667,1667.1625765562064,7222.0,327.0,0.22708341666666668,0.22708333333333333,8.333333333341668e-08,Moderate
2026352035,2016-04-21,2467,1.52999997138977,1.52999997138977,0.0,0.0,0.0,1.52999997138977,0.0,0,0,153,749,1370,1370.6093171834948,2467.0,153.0,0.10625000000000001,0.10625,4.04768811061255e-18,Low
2026352035,2016-04-22,2915,1.80999994277954,1.80999994277954,0.0,0.0,0.0,1.80999994277954,0.0,0,0,162,712,1399,1399.2880176305775,2915.0,162.0,0.11250004166666666,0.11249999999999999,4.166666667147883e-08,Low
2026352035,2016-04-23,12357,7.71000003814697,7.71000003814697,0.0,0.0,0.0,7.71000003814697,0.0,0,0,432,458,1916,1915.8921670913705,12357.0,432.0,0.30000008333333333,0.3,8.333333332777883e-08,High
2026352035,2016-04-24,3490,2.16000008583069,2.16000008583069,0.0,0.0,0.0,2.16000008583069,0.0,0,0,164,704,1401,1401.3807868957522,3490.0,164.0,0.113888875,0.11388888888888889,-1.3888888887649923e-08,Low
2026352035,2016-04-25,6017,3.73000001907349,3.73000001907349,0.0,0.0,0.0,3.73000001907349,0.0,0,0,260,821,1576,1576.9409376382832,6017.0,260.0,0.18055558333333332,0.18055555555555555,2.7777777779347534e-08,Moderate
2026352035,2016-04-26,5933,3.6800000667572,3.6800000667572,0.0,0.0,0.0,3.6800000667572,0.0,0,0,288,1018,1595,1595.3108055591588,5933.0,288.0,0.1999999166666667,0.19999999999999998,-8.333333333009178e-08,Moderate
2026352035,2016-04-27,6088,3.76999998092651,3.76999998092651,0.0,0.0,0.0,3.76999998092651,0.0,0,0,286,586,1593,1593.4505655765538,6088.0,286.0,0.19861120833333334,0.1986111111111111,9.722222222843917e-08,Moderate
2026352035,2016-04-28,6375,3.95000004768372,3.95000004768372,0.0,0.0,0.0,3.95000004768372,0.0,0,0,331,626,1649,1649.8003345727927,6375.0,331.0,0.22986120833333334,0.2298611111111111,9.722222222771637e-08,Moderate
2026352035,2016-04-29,7604,4.71000003814697,4.71000003814697,0.0,0.0,0.0,4.71000003814697,0.0,0,0,352,492,1692,1692.8958951234824,7604.0,352.0,0.2444444583333333,0.24444444444444444,1.3888888889529207e-08,Moderate
2026352035,2016-04-30,4729,2.9300000667572,2.9300000667572,0.0,0.0,0.0,2.9300000667572,0.0,0,0,233,594,1506,1506.4068363904958,4729.0,233.0,0.16180558333333334,0.16180555555555556,2.7777777781082258e-08,Low
2026352035,2016-05-01,3609,2.27999997138977,2.27999997138977,0.0,0.0,0.0,2.27999997138977,0.0,0,0,191,716,1447,1447.6542574167256,3609.0,191.0,0.13263891666666666,0.1326388888888889,2.7777777780648577e-08,Low
2026352035,2016-05-02,7018,4.34999990463257,4.34999990463257,0.0,0.0,0.0,4.34999990463257,0.0,0,0,355,716,1690,1690.3380646705634,7018.0,355.0,0.24652779166666663,0.2465277777777778,1.388888888085559e-08,Moderate
2026352035,2016-05-03,5992,3.72000002861023,3.72000002861023,0.0,0.0,0.0,3.72000002861023,0.0,0,0,304,981,1604,1604.301965475083,5992.0,304.0,0.21111112499999998,0.2111111111111111,1.3888888886638001e-08,Moderate
2026352035,2016-05-04,6564,4.07000017166138,4.07000017166138,0.0,0.0,0.0,4.07000017166138,0.0,0,0,345,530,1658,1658.4039447307593,6564.0,345.0,0.23958337500000002,0.23958333333333334,4.1666666659914003e-08,Moderate
2026352035,2016-05-05,12167,7.53999996185303,7.53999996185303,0.0,0.0,0.0,7.53999996185303,0.0,0,0,475,479,1926,1926.5110327005395,12167.0,475.0,0.32986108333333336,0.3298611111111111,-2.777777777689001e-08,High
2026352035,2016-05-06,8198,5.07999992370605,5.07999992370605,0.0,0.0,0.0,5.07999992370605,0.0,0,0,383,511,1736,1736.9215742349631,8198.0,383.0,0.26597220833333335,0.2659722222222222,-1.3888888892998654e-08,Moderate
2026352035,2016-05-07,4193,2.59999990463257,2.59999990463257,0.0,0.0,0.0,2.59999990463257,0.0,0,0,229,665,1491,1491.3698960542683,4193.0,229.0,0.15902770833333332,0.1590277777777778,-6.944444444345378e-08,Low
2026352035,2016-05-08,5528,3.45000004768372,3.45000004768372,0.0,0.0,0.0,3.45000004768372,0.0,0,0,258,610,1555,1555.1606262922294,5528.0,258.0,0.17916666666666667,0.17916666666666667,3.3248866622888804e-18,Moderate
2026352035,2016-05-09,10685,6.61999988555908,6.61999988555908,0.0,0.0,0.0,6.59999990463257,0.0,0,0,401,543,1869,1866.2857642173776,10652.0,401.0,0.27847225000000003,0.27847222222222223,2.7777777774432483e-08,High
2026352035,2016-05-10,254,0.159999996423721,0.159999996423721,0.0,0.0,0.0,0.159999996423721,0.0,0,0,17,1002,1141,1141.4122493267057,254.0,17.0,0.011805541666666667,0.011805555555555555,-1.3888888888228165e-08,Low
2026352035,2016-05-11,8580,5.32000017166138,5.32000017166138,0.0,0.0,0.0,5.32000017166138,0.0,0,0,330,569,1698,1698.6316353082664,8580.0,330.0,0.22916675,0.22916666666666666,8.333333333630788e-08,Moderate
2026352035,2016-05-12,8891,5.51000022888184,5.51000022888184,0.0,0.0,0.0,5.51000022888184,0.0,0,0,343,330,1364,1296.1997183561332,8449.0,320.0,0.3333333125,0.3333333333333333,-2.08333333390643e-08,Moderate
2320127002,2016-04-12,10725,7.48999977111816,7.48999977111816,0.0,1.16999995708466,0.310000002384186,6.01000022888184,0.0,13,9,306,1112,2124,2124.2800059318542,10725.0,363.0,0.2520833333333333,0.2520833333333333,2.8912057932946786e-18,High
2320127002,2016-04-13,7275,4.90000009536743,4.90000009536743,0.0,0.0,0.0,4.90000009536743,0.0,0,0,335,1105,2003,2003.9439977407449,7275.0,335.0,0.232638875,0.23263888888888887,-1.3888888882734873e-08,Moderate
2320127002,2016-04-14,3973,2.6800000667572,2.6800000667572,0.0,0.0,0.0,2.6800000667572,0.0,0,0,191,1249,1696,1696.1120111346245,3973.0,191.0,0.132639,0.1326388888888889,1.1111111111261965e-07,Low
2320127002,2016-04-15,5205,3.50999999046326,3.50999999046326,0.0,0.0,0.0,3.50999999046326,0.0,0,0,245,1195,1801,1801.912008702755,5205.0,245.0,0.17013883333333335,0.17013888888888887,-5.55555555534909e-08,Moderate
2320127002,2016-04-16,5057,3.41000008583069,3.41000008583069,0.0,0.0,0.0,3.40000009536743,0.0,0,0,195,1245,1724,1724.264014363289,5044.0,195.0,0.13541670833333333,0.13541666666666666,4.166666667191251e-08,Moderate
2320127002,2016-04-17,6198,4.17999982833862,4.17999982833862,0.0,0.0,0.0,4.17999982833862,0.0,0,0,249,1191,1852,1852.8800063133235,6198.0,249.0,0.1729167083333333,0.1729166666666667,4.16666666690213e-08,Moderate
2320127002,2016-04-18,6559,4.42000007629395,4.42000007629395,0.0,0.0,0.259999990463257,4.1399998664856,0.0,0,7,260,1173,1905,1905.1359999775875,6538.0,274.0,0.19027791666666669,0.19027777777777777,1.3888888888806405e-07,Moderate
2320127002,2016-04-19,5997,4.03999996185303,4.03999996185303,0.0,0.0,0.379999995231628,3.66000008583069,0.0,0,11,228,1201,1811,1811.6640110611918,5997.0,250.0,0.17361108333333333,0.17361111111111113,-2.7777777779347534e-08,Moderate
2320127002,2016-04-20,7192,4.84999990463257,4.84999990463257,0.0,0.0,0.490000009536743,4.34000015258789,0.0,0,11,283,1146,1922,1922.6160064935684,7162.0,305.0,0.21180554166666665,0.21180555555555555,-1.3888888894299697e-08,Moderate
2320127002,2016-04-21,3404,2.28999996185303,2.28999996185303,0.0,0.0599999986588955,0.419999986886978,1.80999994277954,0.0,1,10,127,1302,1610,1610.9200146794321,3404.0,150.0,0.10416666666666667,0.10416666666666667,1.0119220276531375e-18,Low
2320127002,2016-04-22,5583,3.75999999046326,3.75999999046326,0.0,0.0,0.0,3.75999999046326,0.0,0,0,266,1174,1851,1851.960004687309,5583.0,266.0,0.18472220833333333,0.18472222222222223,-1.3888888889673767e-08,Moderate
2320127002,2016-04-23,5079,3.42000007629395,3.42000007629395,0.0,0.0,0.0,3.42000007629395,0.0,0,0,242,1129,1804,1804.304005563259,5079.0,242.0,0.1680555,0.16805555555555554,-5.5555555556382106e-08,Moderate
2320127002,2016-04-24,4165,2.80999994277954,2.80999994277954,0.0,0.0,0.0,2.79999995231628,0.0,0,0,204,1236,1725,1725.184008181095,4159.0,204.0,0.141666625,0.1416666666666667,-4.16666666704669e-08,Low
2320127002,2016-04-25,3588,2.42000007629395,2.42000007629395,0.0,0.230000004172325,0.200000002980232,1.99000000953674,0.0,3,5,152,1280,1654,1654.344011425972,3588.0,171.0,0.11875004166666665,0.11874999999999998,4.16666666682985e-08,Low
2320127002,2016-04-26,3409,2.29999995231628,2.29999995231628,0.0,0.0,0.0,2.29999995231628,0.0,0,0,147,1293,1632,1632.8160126805305,3409.0,147.0,0.10208333333333335,0.10208333333333332,4.336808689942018e-19,Low
2320127002,2016-04-27,1715,1.1599999666214,1.1599999666214,0.0,0.0,0.0,1.1599999666214,0.0,0,0,82,1358,1481,1481.3840194940572,1715.0,82.0,0.05694450000000001,0.05694444444444444,5.555555555855051e-08,Low
2320127002,2016-04-28,1532,1.02999997138977,1.02999997138977,0.0,0.0,0.0,1.02999997138977,0.0,0,0,76,1364,1473,1473.2880186438565,1532.0,76.0,0.05277774999999999,0.05277777777777778,-2.777777777703457e-08,Low
2320127002,2016-04-29,924,0.620000004768372,0.620000004768372,0.0,0.0,0.0,0.620000004768372,0.0,0,0,45,1395,1410,1410.7280212640767,924.0,45.0,0.03125,0.03125,0.0,Low
2320127002,2016-04-30,4571,3.07999992370605,3.07999992370605,0.0,0.0,0.0,3.0699999332428,0.0,0,0,234,1206,1779,1779.0960055589674,4558.0,234.0,0.1625,0.1625,3.469446951953614e-18,Low
2320127002,2016-05-01,772,0.519999980926514,0.519999980926514,0.0,0.0,0.0,0.519999980926514,0.0,0,0,40,1400,1403,1403.736020624638,772.0,40.0,0.027777791666666666,0.027777777777777776,1.3888888889673767e-08,Low
2320127002,2016-05-02,3634,2.45000004768372,2.45000004768372,0.0,0.360000014305115,0.209999993443489,1.87999999523163,0.0,5,6,123,1306,1613,1613.4960165619852,3634.0,150.0,0.10416670833333334,0.10416666666666667,4.1666666664973616e-08,Low
2320127002,2016-05-03,7443,5.01999998092651,5.01999998092651,0.0,1.49000000953674,0.370000004768372,3.16000008583069,0.0,20,10,206,1204,1878,1878.8240122795107,7443.0,286.0,0.19861120833333334,0.1986111111111111,9.72222222246806e-08,Moderate
2320127002,2016-05-04,1201,0.810000002384186,0.810000002384186,0.0,0.0,0.0,0.810000002384186,0.0,0,0,52,1388,1426,1426.736021339894,1201.0,52.0,0.036111125,0.036111111111111115,1.3888888888517284e-08,Low
2320127002,2016-05-05,5202,3.50999999046326,3.50999999046326,0.0,0.0,0.389999985694885,3.10999989509583,0.0,0,11,223,1206,1780,1780.7520109415057,5202.0,245.0,0.170138875,0.17013888888888887,-1.3888888889673767e-08,Moderate
2320127002,2016-05-06,4878,3.28999996185303,3.28999996185303,0.0,0.0,0.0,3.28999996185303,0.0,0,0,204,1236,1742,1742.6640108823776,4878.0,204.0,0.14166666666666666,0.14166666666666666,5.782411586589357e-19,Low
2320127002,2016-05-07,7379,4.96999979019165,4.96999979019165,0.0,0.0,0.0,4.96999979019165,0.0,0,0,319,1121,1972,1972.6640038490293,7379.0,319.0,0.22152783333333334,0.22152777777777777,5.555555555291266e-08,Moderate
2320127002,2016-05-08,5161,3.48000001907349,3.48000001907349,0.0,0.0,0.0,3.47000002861023,0.0,0,0,247,1193,1821,1821.9680035114284,5153.0,247.0,0.17152775,0.1715277777777778,-2.7777777775010726e-08,Moderate
2320127002,2016-05-09,3090,2.07999992370605,2.07999992370605,0.0,0.0,0.0,2.07999992370605,0.0,0,0,145,1295,1630,1630.2400093674655,3090.0,145.0,0.1006945,0.10069444444444443,5.555555555927331e-08,Low
2320127002,2016-05-10,6227,4.19999980926514,4.19999980926514,0.0,0.0,0.0,4.19999980926514,0.0,0,0,290,1150,1899,1899.0640029311176,6227.0,290.0,0.20138883333333332,0.20138888888888887,-5.555555555435826e-08,Moderate
2320127002,2016-05-11,6424,4.32999992370605,4.32999992370605,0.0,0.0,0.0,4.32999992370605,0.0,0,0,300,1140,1903,1903.66400629282,6424.0,300.0,0.20833329166666667,0.20833333333333334,-4.1666666665118174e-08,Moderate
2320127002,2016-05-12,2661,1.78999996185303,1.78999996185303,0.0,0.0,0.0,1.78999996185303,0.0,0,0,128,830,1125,1064.2560077905657,2564.0,124.0,0.13777779999999998,0.13777777777777775,2.2222222221627656e-08,Low
2347167796,2016-04-12,10113,6.82999992370605,6.82999992370605,0.0,2.0,0.620000004768372,4.19999980926514,0.0,28,13,320,964,2344,2344.3514176607123,10113.0,430.0,0.2986111666666667,0.2986111111111111,5.5555555555081064e-08,High
2347167796,2016-04-13,10352,7.01000022888184,7.01000022888184,0.0,1.6599999666214,1.94000005722046,3.41000008583069,0.0,19,32,195,676,2038,2038.7504801750179,10352.0,316.0,0.219444375,0.21944444444444444,-6.944444444215274e-08,High
2347167796,2016-04-14,10129,6.69999980926514,6.69999980926514,0.0,0.0199999995529652,2.74000000953674,3.94000005722046,0.0,1,48,206,705,2010,2010.6265425086017,10129.0,305.0,0.21180554166666665,0.21180555555555555,-1.3888888888083603e-08,High
2347167796,2016-04-15,10465,6.92000007629395,6.92000007629395,0.0,0.0700000002980232,1.41999995708466,5.42999982833862,0.0,1,24,284,720,2133,2133.3748409152026,10465.0,335.0,0.23263891666666667,0.23263888888888887,2.777777777833561e-08,High
2347167796,2016-04-16,22244,15.0799999237061,15.0799999237061,0.0,5.44999980926514,4.09999990463257,5.53000020980835,0.0,66,72,268,968,2670,2670.5514961481085,22244.0,610.0,0.42361112500000003,0.4236111111111111,1.388888888620432e-08,High
2347167796,2016-04-17,5472,3.61999988555908,3.61999988555908,0.0,0.0799999982118607,0.280000001192093,3.25999999046326,0.0,1,7,249,508,1882,1882.6108824610703,5472.0,266.0,0.18472216666666666,0.18472222222222223,-5.555555556086347e-08,Moderate
2347167796,2016-04-18,8247,5.44999980926514,5.44999980926514,0.0,0.790000021457672,0.860000014305115,3.78999996185303,0.0,11,16,206,678,1944,1944.5964190959926,8247.0,271.0,0.18819441666666667,0.18819444444444444,-2.7777777774866164e-08,Moderate
2347167796,2016-04-19,6711,4.44000005722046,4.44000005722046,0.0,0.0,0.0,4.44000005722046,0.0,0,7,382,648,2346,2346.0445030331603,6711.0,396.0,0.27499999999999997,0.27499999999999997,3.903127820947816e-18,Moderate
2347167796,2016-04-20,10999,7.26999998092651,7.26999998092651,0.0,0.680000007152557,1.80999994277954,4.78000020980835,0.0,11,43,269,1011,2198,2198.276241958141,10999.0,388.0,0.269444375,0.26944444444444443,-6.944444443911697e-08,High
2347167796,2016-04-21,10080,6.75,6.75,0.0,1.85000002384186,1.52999997138977,3.38000011444092,0.0,23,26,208,761,2048,2048.8149002790447,10080.0,329.0,0.22847220833333334,0.22847222222222222,-1.388888888620432e-08,High
2347167796,2016-04-22,7804,5.15999984741211,5.15999984741211,0.0,0.560000002384186,1.67999994754791,2.92000007629395,0.0,9,27,206,781,1946,1946.195439100265,7804.0,287.0,0.19930554166666667,0.19930555555555554,-1.3888888877241582e-08,Moderate
2347167796,2016-04-23,16901,11.3699998855591,11.3699998855591,0.0,2.77999997138977,1.45000004768372,7.15000009536743,0.0,32,35,360,591,2629,2629.2591620087615,16901.0,526.0,0.36527770833333334,0.3652777777777778,-6.944444443955065e-08,High
2347167796,2016-04-24,9471,6.26000022888184,6.26000022888184,0.0,0.0,0.0,6.26000022888184,0.0,0,0,360,584,2187,2186.6127979755393,9471.0,360.0,0.24999995833333333,0.25,-4.166666666916586e-08,Moderate
2347167796,2016-04-25,9482,6.38000011444092,6.38000011444092,0.0,1.26999998092651,0.519999980926514,4.59999990463257,0.0,15,11,277,653,2095,2095.1864812970157,9482.0,344.0,0.238888875,0.2388888888888889,-1.3888888878108943e-08,Moderate
2347167796,2016-04-26,5980,3.95000004768372,3.95000004768372,0.0,0.0,0.0,3.95000004768372,0.0,0,0,227,732,1861,1861.1652001142497,5980.0,227.0,0.15763887499999998,0.15763888888888888,-1.3888888889240086e-08,Moderate
2347167796,2016-04-27,11423,7.57999992370605,7.57999992370605,0.0,1.86000001430511,0.400000005960464,5.32000017166138,0.0,26,9,295,623,2194,2194.231657981872,11423.0,391.0,0.27152775,0.27152777777777776,-2.777777777689001e-08,High
2347167796,2016-04-28,5439,3.59999990463257,3.59999990463257,0.0,0.0,0.0,3.59999990463257,0.0,0,0,229,764,1854,1854.7691193222993,5439.0,229.0,0.15902779166666667,0.15902777777777777,1.3888888893432335e-08,Moderate
2347167796,2016-04-29,42,0.0299999993294477,0.0299999993294477,0.0,0.0,0.0,0.0299999993294477,0.0,0,0,4,2,403,344.72989231348026,25.0,2.0,0.005555666666666667,0.005555555555555556,1.1111111111160772e-07,Low
2873212765,2016-04-12,8796,5.90999984741211,5.90999984741211,0.0,0.109999999403954,0.930000007152557,4.88000011444092,0.0,2,21,356,1061,1982,1982.3231087327006,8796.0,404.0,0.28055562500000003,0.28055555555555556,6.94444444506818e-08,Moderate
2873212765,2016-04-13,7618,5.11999988555908,5.11999988555908,0.0,0.0,0.219999998807907,4.88000011444092,0.0199999995529652,0,8,404,1028,2004,2004.2806084156039,7618.0,420.0,0.29166658333333334,0.2916666666666667,-8.333333333688613e-08,Moderate
2873212765,2016-04-14,7910,5.32000017166138,5.32000017166138,0.0,0.0,0.0,5.32000017166138,0.0,0,0,331,1109,1893,1893.263490021229,7910.0,331.0,0.22986116666666667,0.2298611111111111,5.5555555557972265e-08,Moderate
2873212765,2016-04-15,8482,5.69999980926514,5.69999980926514,0.0,0.0,0.0,5.69000005722046,0.0099999997764825,0,0,448,992,2063,2063.6536877155304,8482.0,448.0,0.311111125,0.3111111111111111,1.3888888893143214e-08,Moderate
2873212765,2016-04-16,9685,6.65000009536743,6.65000009536743,0.0,3.10999989509583,0.0199999995529652,3.50999999046326,0.0099999997764825,47,1,305,1087,2148,2148.5712484717374,9677.0,448.0,0.31111116666666666,0.3111111111111111,5.5555555552768095e-08,Moderate
2873212765,2016-04-17,2524,1.70000004768372,1.70000004768372,0.0,0.0,0.349999994039536,1.3400000333786,0.0,0,8,160,1272,1529,1529.998613595963,2524.0,176.0,0.12222229166666666,0.12222222222222222,6.944444444677868e-08,Low
2873212765,2016-04-18,7762,5.23999977111816,5.23999977111816,0.0,0.0700000002980232,0.280000001192093,4.8899998664856,0.0,1,6,311,1122,1890,1890.189436078072,7762.0,326.0,0.22638887500000002,0.2263888888888889,-1.3888888887939044e-08,Moderate
2873212765,2016-04-19,7948,5.36999988555908,5.36999988555908,0.0,0.0,0.0,5.3600001335144,0.0,0,0,389,1051,1956,1956.9402369856837,7948.0,389.0,0.270138875,0.2701388888888889,-1.3888888893721455e-08,Moderate
2873212765,2016-04-20,9202,6.30000019073486,6.30000019073486,0.0,1.50999999046326,0.119999997317791,4.65999984741211,0.0099999997764825,22,5,378,1035,2094,2102.7731782794003,9202.0,454.0,0.31527775,0.3152777777777778,-2.7777777783395224e-08,Moderate
2873212765,2016-04-21,8859,5.98000001907349,5.98000001907349,0.0,0.129999995231628,0.370000004768372,5.46999979019165,0.0099999997764825,2,10,371,1057,1970,1970.1610235571857,8859.0,397.0,0.275694375,0.2756944444444444,-6.944444444200819e-08,Moderate
2873212765,2016-04-22,7286,4.90000009536743,4.90000009536743,0.0,0.46000000834465,0.0,4.42000007629395,0.0199999995529652,46,0,366,1028,2241,1950.4847713112824,7286.0,389.0,0.270139,0.2701388888888889,1.1111111110972845e-07,Moderate
2873212765,2016-04-23,9317,6.34999990463257,6.34999990463257,0.0,2.08999991416931,0.230000004172325,4.01999998092651,0.0099999997764825,28,5,330,1077,2021,2021.0569221377368,9317.0,424.0,0.2944444583333333,0.29444444444444445,1.3888888877819824e-08,Moderate
2873212765,2016-04-24,6873,4.67999982833862,4.67999982833862,0.0,3.0,0.0599999986588955,1.62000000476837,0.0,46,1,190,1203,1898,1898.1599436402319,6873.0,330.0,0.22916662499999998,0.22916666666666666,-4.166666666352801e-08,Moderate
2873212765,2016-04-25,7373,4.94999980926514,4.94999980926514,0.0,0.0,0.0,4.94999980926514,0.0,0,0,359,1081,1907,1907.1095733046525,7373.0,359.0,0.24930558333333333,0.24930555555555556,2.777777778223874e-08,Moderate
2873212765,2016-04-26,8242,5.53999996185303,5.53999996185303,0.0,0.119999997317791,0.180000007152557,5.23999977111816,0.0,2,5,309,1124,1882,1882.973372936248,8242.0,325.0,0.22569450000000002,0.22569444444444445,5.555555555869507e-08,Moderate
2873212765,2016-04-27,3516,2.35999989509583,2.35999989509583,0.0,0.0,0.0,2.35999989509583,0.0,46,0,197,1197,1966,1966.5458454489706,3516.0,335.0,0.2326389166666667,0.23263888888888892,2.7777777783973463e-08,Low
2873212765,2016-04-28,7913,5.40999984741211,5.40999984741211,0.0,2.16000008583069,0.340000003576279,2.91000008583069,0.0,28,7,213,1192,1835,1835.8378210067744,7913.0,311.0,0.21597220833333333,0.21597222222222223,-1.3888888890252008e-08,Moderate
2873212765,2016-04-29,7365,4.94999980926514,4.94999980926514,0.0,1.36000001430511,1.4099999666214,2.1800000667572,0.0,20,23,206,1191,1780,1780.481968939304,7365.0,312.0,0.21666666666666667,0.21666666666666667,-2.3129646346357427e-18,Moderate
2873212765,2016-04-30,8452,5.67999982833862,5.67999982833862,0.0,0.330000013113022,1.08000004291534,4.26000022888184,0.0099999997764825,5,20,248,1167,1830,1830.6782708764072,8452.0,303.0,0.21041658333333332,0.21041666666666667,-8.333333333833172e-08,Moderate
2873212765,2016-05-01,7399,4.96999979019165,4.96999979019165,0.0,0.490000009536743,1.03999996185303,3.44000005722046,0.0,7,18,196,1219,1739,1739.7302697300906,7399.0,253.0,0.17569441666666666,0.17569444444444446,-2.777777777125216e-08,Moderate
2873212765,2016-05-02,7525,5.05999994277954,5.05999994277954,0.0,0.0,0.209999993443489,4.82999992370605,0.0199999995529652,0,7,334,1099,1878,1878.7757745385163,7525.0,348.0,0.24166666666666667,0.24166666666666667,-4.04768811061255e-18,Moderate
2873212765,2016-05-03,7412,4.98000001907349,4.98000001907349,0.0,0.0599999986588955,0.25,4.65999984741211,0.0099999997764825,1,6,363,1070,1906,1906.0601750612252,7412.0,378.0,0.2625000416666667,0.2625,4.1666666670756025e-08,Moderate
2873212765,2016-05-04,8278,5.55999994277954,5.55999994277954,0.0,0.0,0.0,5.55999994277954,0.0,0,0,420,1020,2015,2015.0228767395013,8278.0,420.0,0.291666625,0.2916666666666667,-4.166666666959954e-08,Moderate
2873212765,2016-05-05,8314,5.6100001335144,5.6100001335144,0.0,0.779999971389771,0.800000011920929,4.03000020980835,0.0,13,23,311,1093,1971,1971.3853215575214,8314.0,396.0,0.27499995833333335,0.27499999999999997,-4.1666666667431136e-08,Moderate
2873212765,2016-05-06,7063,4.75,4.75,0.0,0.0,0.119999997317791,4.6100001335144,0.0099999997764825,0,5,370,1065,1910,1910.7824737429612,7063.0,380.0,0.26388883333333335,0.2638888888888889,-5.55555555625982e-08,Moderate
2873212765,2016-05-07,4940,3.38000011444092,3.38000011444092,0.0,2.27999997138977,0.550000011920929,0.550000011920929,0.0,75,11,52,1302,1897,1897.6352435350416,4940.0,299.0,0.207638875,0.2076388888888889,-1.3888888872037411e-08,Low
2873212765,2016-05-08,8168,5.53999996185303,5.53999996185303,0.0,2.90000009536743,0.0,2.64000010490417,0.0,46,0,326,1068,2096,2096.6714491844173,8168.0,464.0,0.32222229166666666,0.32222222222222224,6.944444444648955e-08,Moderate
2873212765,2016-05-09,7726,5.19000005722046,5.19000005722046,0.0,0.0,0.0,5.19000005722046,0.0,0,0,345,1095,1906,1906.9346743226045,7726.0,345.0,0.23958333333333334,0.23958333333333334,-2.8912057932946783e-19,Moderate
2873212765,2016-05-10,8275,5.55999994277954,5.55999994277954,0.0,0.0,0.0,5.55000019073486,0.0099999997764825,0,0,373,1067,1962,1962.3779752850526,8275.0,373.0,0.25902770833333333,0.2590277777777778,-6.944444444200819e-08,Moderate
2873212765,2016-05-11,6440,4.32999992370605,4.32999992370605,0.0,0.0,0.0,4.32000017166138,0.0099999997764825,0,0,319,1121,1826,1817.9105748534196,6440.0,319.0,0.22152779166666667,0.22152777777777777,1.3888888891842172e-08,Moderate
2873212765,2016-05-12,7566,5.1100001335144,5.1100001335144,0.0,0.0,0.0,5.1100001335144,0.0,0,0,268,720,1431,1393.671725451947,7475.0,259.0,0.26979156249999997,0.26979166666666665,-1.0416666666734908e-07,Moderate
3372868164,2016-04-12,4747,3.24000000953674,3.24000000953674,0.0,0.0,0.0,3.23000001907349,0.0099999997764825,0,0,280,1160,1788,1788.1065387725826,4747.0,280.0,0.19444441666666668,0.19444444444444445,-2.777777777674545e-08,Low
3372868164,2016-04-13,9715,6.63000011444092,6.63000011444092,0.0,0.990000009536743,0.340000003576279,5.26999998092651,0.0199999995529652,16,8,371,1045,2093,2093.201402544975,9715.0,435.0,0.302083375,0.3020833333333333,4.16666666682985e-08,Moderate
3372868164,2016-04-14,8844,6.03000020980835,6.03000020980835,0.0,0.340000003576279,1.02999997138977,4.65000009536743,0.0099999997764825,6,25,370,1039,2065,2065.3294643163676,8844.0,438.0,0.30416675,0.30416666666666664,8.333333333312755e-08,Moderate
3372868164,2016-04-15,7451,5.07999992370605,5.07999992370605,0.0,0.0,0.0,5.05999994277954,0.0199999995529652,0,0,335,1105,1908,1908.3861230611794,7451.0,335.0,0.23263879166666668,0.23263888888888887,-9.722222222916198e-08,Moderate
3372868164,2016-04-16,6905,4.73000001907349,4.73000001907349,0.0,0.0,0.0,4.69999980926514,0.0299999993294477,0,0,356,1084,1908,1908.1055312156675,6905.0,356.0,0.24722229166666665,0.24722222222222223,6.944444444764604e-08,Moderate
3372868164,2016-04-17,8199,5.88000011444092,5.88000011444092,0.0,1.4099999666214,0.100000001490116,4.3600001335144,0.0099999997764825,11,2,322,1105,1964,1964.4105905294414,8199.0,359.0,0.24930554166666666,0.24930555555555556,-1.3888888890541129e-08,Moderate
3372868164,2016-04-18,6798,4.6399998664856,4.6399998664856,0.0,1.08000004291534,0.200000002980232,3.34999990463257,0.0,20,7,343,1070,2014,2014.075021743774,6798.0,417.0,0.28958337500000003,0.28958333333333336,4.166666666266065e-08,Moderate
3372868164,2016-04-19,7711,5.26000022888184,5.26000022888184,0.0,0.0,0.0,5.23999977111816,0.0199999995529652,0,0,376,1064,1985,1985.8289647102351,7711.0,376.0,0.261111125,0.2611111111111111,1.3888888889962888e-08,Moderate
3372868164,2016-04-20,4880,3.32999992370605,3.32999992370605,0.0,0.839999973773956,0.0900000035762787,2.38000011444092,0.0199999995529652,15,3,274,1148,1867,1867.9811577796931,4880.0,325.0,0.22569433333333333,0.22569444444444445,-1.1111111111464349e-07,Low
3372868164,2016-04-21,8857,6.07000017166138,6.07000017166138,0.0,1.14999997615814,0.259999990463257,4.6399998664856,0.0099999997764825,18,9,376,1037,2124,2124.159834504127,8857.0,448.0,0.31111104166666664,0.3111111111111111,-6.94444444451885e-08,Moderate
3372868164,2016-04-22,3843,2.61999988555908,2.61999988555908,0.0,0.0,0.0,2.60999989509583,0.0099999997764825,0,0,206,1234,1669,1669.5104970932002,3843.0,206.0,0.14305554166666667,0.14305555555555555,-1.3888888888517284e-08,Low
3372868164,2016-04-23,7396,5.07000017166138,5.07000017166138,0.0,1.39999997615814,0.0799999982118607,3.57999992370605,0.0,20,2,303,1115,1995,1995.462551236152,7396.0,367.0,0.25486112499999997,0.2548611111111111,1.3888888890107448e-08,Moderate
3372868164,2016-04-24,6731,4.59000015258789,4.59000015258789,0.0,0.889999985694885,0.189999997615814,3.49000000953674,0.0199999995529652,14,7,292,1127,1921,1921.480318665504,6731.0,348.0,0.24166675,0.2416666666666667,8.333333332763426e-08,Moderate
3372868164,2016-04-25,5995,4.09000015258789,4.09000015258789,0.0,0.0,0.0,4.09000015258789,0.0,0,0,416,1024,2010,2010.7079455852502,5995.0,416.0,0.28888891666666666,0.2888888888888889,2.777777777674545e-08,Moderate
3372868164,2016-04-26,8283,5.78999996185303,5.78999996185303,0.0,1.85000002384186,0.0500000007450581,3.86999988555908,0.0099999997764825,22,2,333,1083,2057,2057.0052925348277,8283.0,403.0,0.27986116666666666,0.2798611111111111,5.5555555552189856e-08,Moderate
3372868164,2016-04-27,7904,5.42000007629395,5.42000007629395,0.0,1.58000004291534,0.629999995231628,3.19000005722046,0.0099999997764825,24,13,346,1057,2095,2095.9137743711467,7904.0,444.0,0.3083332916666667,0.30833333333333335,-4.1666666665551855e-08,Moderate
3372868164,2016-04-28,5512,3.75999999046326,3.75999999046326,0.0,0.0,0.0,3.75999999046326,0.0,0,0,385,1055,1972,1972.5477021932597,5512.0,385.0,0.2673612083333333,0.2673611111111111,9.722222221701891e-08,Moderate
3372868164,2016-04-29,9135,6.23000001907349,6.23000001907349,0.0,0.0,0.0,6.21999979019165,0.0099999997764825,0,0,402,1038,2044,2044.939924716949,9135.0,402.0,0.27916674999999996,0.2791666666666667,8.333333334584886e-08,Moderate
3372868164,2016-04-30,5250,3.57999992370605,3.57999992370605,0.0,1.05999994277954,0.0900000035762787,2.42000007629395,0.0099999997764825,17,4,300,1119,1946,1946.9204827547067,5250.0,359.0,0.24930558333333333,0.24930555555555556,2.777777777790193e-08,Moderate
3372868164,2016-05-01,3077,2.09999990463257,2.09999990463257,0.0,0.0,0.0,2.08999991416931,0.0,0,0,172,842,1237,1166.5061576366422,2901.0,160.0,0.16666675,0.16666666666666666,8.333333333392264e-08,Low
3977333714,2016-04-12,8856,5.98000001907349,5.98000001907349,0.0,3.05999994277954,0.910000026226044,2.00999999046326,0.0,44,19,131,777,1450,1450.6539080142968,8856.0,301.0,0.20902774999999998,0.20902777777777778,-2.7777777772986883e-08,Moderate
3977333714,2016-04-13,10035,6.71000003814697,6.71000003814697,0.0,2.02999997138977,2.13000011444092,2.54999995231628,0.0,31,46,153,754,1495,1495.767248511314,10035.0,338.0,0.23472229166666667,0.2347222222222222,6.944444444793516e-08,High
3977333714,2016-04-14,7641,5.1100001335144,5.1100001335144,0.0,0.319999992847443,0.970000028610229,3.8199999332428,0.0,5,23,214,801,1433,1433.2972202897065,7641.0,275.0,0.1909722083333333,0.1909722222222222,-1.3888888884035916e-08,Moderate
3977333714,2016-04-15,9010,6.05999994277954,6.05999994277954,0.0,1.04999995231628,1.75,3.25999999046326,0.0,15,42,183,644,1468,1468.5727581977837,9010.0,312.0,0.21666670833333335,0.21666666666666665,4.166666667292443e-08,Moderate
3977333714,2016-04-16,13459,9.0,9.0,0.0,2.02999997138977,4.0,2.97000002861023,0.0,31,83,153,663,1625,1625.0640509128566,13459.0,412.0,0.2861110416666667,0.2861111111111111,-6.944444443839418e-08,High
3977333714,2016-04-17,10415,6.96999979019165,6.96999979019165,0.0,0.699999988079071,2.34999990463257,3.92000007629395,0.0,11,58,205,600,1529,1529.707658708095,10415.0,354.0,0.24583341666666667,0.24583333333333332,8.333333333544052e-08,High
3977333714,2016-04-18,11663,7.80000019073486,7.80000019073486,0.0,0.25,3.73000001907349,3.8199999332428,0.0,4,95,214,605,1584,1584.3777183890338,11663.0,416.0,0.288888875,0.2888888888888889,-1.3888888884469597e-08,High
3977333714,2016-04-19,12414,8.77999973297119,8.77999973297119,0.0,2.24000000953674,2.45000004768372,3.96000003814697,0.0,19,67,221,738,1638,1631.0369970798488,12257.0,412.0,0.28611108333333335,0.2861111111111111,-2.7777777768216393e-08,High
3977333714,2016-04-20,11658,7.82999992370605,7.82999992370605,0.0,0.200000002980232,4.34999990463257,3.27999997138977,0.0,2,98,164,845,1554,1554.7237778902052,11658.0,366.0,0.2541667083333333,0.25416666666666665,4.1666666670756025e-08,High
3977333714,2016-04-21,6093,4.07999992370605,4.07999992370605,0.0,0.0,0.0,4.05999994277954,0.0,0,0,242,712,1397,1396.3352000117293,6072.0,242.0,0.16805558333333334,0.16805555555555554,2.7777777779347534e-08,Moderate
3977333714,2016-04-22,8911,5.96000003814697,5.96000003814697,0.0,2.32999992370605,0.579999983310699,3.05999994277954,0.0,33,12,188,731,1481,1481.3618997931474,8911.0,311.0,0.21597220833333333,0.21597222222222223,-1.3888888889095527e-08,Moderate
3977333714,2016-04-23,12058,8.06999969482422,8.06999969482422,0.0,0.0,4.21999979019165,3.84999990463257,0.0,0,92,252,724,1638,1638.7666984200473,12058.0,436.0,0.3027777916666667,0.3027777777777778,1.388888888085559e-08,High
3977333714,2016-04-24,14112,10.0,10.0,0.0,3.26999998092651,4.55999994277954,2.17000007629395,0.0,30,95,129,660,1655,1655.3504188060756,14112.0,409.0,0.284027875,0.28402777777777777,9.722222222684901e-08,High
3977333714,2016-04-25,11177,8.47999954223633,8.47999954223633,0.0,5.61999988555908,0.430000007152557,2.41000008583069,0.0,50,9,133,781,1570,1568.1453461050983,11168.0,301.0,0.20902774999999998,0.20902777777777778,-2.7777777784696266e-08,High
3977333714,2016-04-26,11388,7.61999988555908,7.61999988555908,0.0,0.449999988079071,4.21999979019165,2.95000004768372,0.0,7,95,170,797,1551,1551.9129775166507,11388.0,381.0,0.264583375,0.26458333333333334,4.166666666945498e-08,High
3977333714,2016-04-27,7193,5.03999996185303,5.03999996185303,0.0,0.0,0.419999986886978,4.61999988555908,0.0,0,10,176,714,1377,1377.2920289039607,7193.0,196.0,0.136111125,0.1361111111111111,1.3888888890685689e-08,Moderate
3977333714,2016-04-28,7114,4.88000011444092,4.88000011444092,0.0,1.37000000476837,0.28999999165535,3.22000002861023,0.0,15,8,190,804,1407,1407.7189381718629,7114.0,251.0,0.17430554166666667,0.17430555555555557,-1.3888888894299697e-08,Moderate
3977333714,2016-04-29,10645,7.75,7.75,0.0,3.74000000953674,1.29999995231628,2.71000003814697,0.0,36,32,150,744,1545,1545.2373266220086,10645.0,322.0,0.223611125,0.2236111111111111,1.3888888887216242e-08,High
3977333714,2016-04-30,13238,9.19999980926514,9.19999980926514,0.0,3.69000005722046,2.09999990463257,3.41000008583069,0.0,43,52,194,687,1650,1650.2207043170924,13238.0,427.0,0.29652775000000003,0.2965277777777778,-2.7777777773276002e-08,High
3977333714,2016-05-01,10414,7.07000017166138,7.07000017166138,0.0,2.67000007629395,1.98000001907349,2.41000008583069,0.0,41,40,124,691,1501,1501.5293884873386,10414.0,327.0,0.22708345833333335,0.22708333333333333,1.2500000000084782e-07,High
3977333714,2016-05-02,16520,11.0500001907349,11.0500001907349,0.0,1.53999996185303,6.48000001907349,3.01999998092651,0.0,24,143,176,713,1760,1760.8959632515905,16520.0,534.0,0.37083333333333335,0.37083333333333335,6.794333614242494e-18,High
3977333714,2016-05-03,14335,9.59000015258789,9.59000015258789,0.0,3.3199999332428,1.74000000953674,4.53000020980835,0.0,47,41,258,594,1710,1709.5988544821735,14335.0,481.0,0.3340278333333333,0.33402777777777776,5.555555554872041e-08,High
3977333714,2016-05-04,13559,9.4399995803833,9.4399995803833,0.0,1.80999994277954,4.57999992370605,2.89000010490417,0.0,14,96,142,852,1628,1619.7937988638876,13373.0,376.0,0.26111104166666665,0.2611111111111111,-6.944444444359835e-08,High
3977333714,2016-05-05,12312,8.57999992370605,8.57999992370605,0.0,1.75999999046326,4.1100001335144,2.71000003814697,0.0,14,88,178,680,1618,1618.1073209047313,12312.0,396.0,0.27499999999999997,0.27499999999999997,-1.1564823173178713e-18,High
3977333714,2016-05-06,11677,8.27999973297119,8.27999973297119,0.0,3.10999989509583,2.50999999046326,2.67000007629395,0.0,29,55,168,676,1590,1589.3668895363803,11677.0,365.0,0.25347225,0.25347222222222227,2.7777777760699257e-08,High
3977333714,2016-05-07,11550,7.73000001907349,7.73000001907349,0.0,0.0,4.13000011444092,3.58999991416931,0.0,0,86,208,703,1574,1574.8209962248795,11550.0,380.0,0.26388891666666664,0.2638888888888889,2.7777777784696266e-08,High
3977333714,2016-05-08,13585,9.09000015258789,9.09000015258789,0.0,0.680000007152557,5.23999977111816,3.17000007629395,0.0,9,116,171,688,1633,1633.8477951884265,13585.0,430.0,0.29861112500000003,0.2986111111111111,1.3888888897046342e-08,High
3977333714,2016-05-09,14687,10.0799999237061,10.0799999237061,0.0,0.769999980926514,5.59999990463257,3.54999995231628,0.0,8,122,151,1159,1667,1658.2314870953558,14513.0,419.0,0.29097216666666664,0.29097222222222224,-5.555555555378002e-08,High
3977333714,2016-05-10,13072,8.77999973297119,8.77999973297119,0.0,0.0700000002980232,5.40000009536743,3.30999994277954,0.0,1,115,196,676,1630,1630.1937575340266,13072.0,429.0,0.29791670833333334,0.29791666666666666,4.166666666815394e-08,High
3977333714,2016-05-11,746,0.5,0.5,0.0,0.370000004768372,0.0,0.129999995231628,0.0,4,0,9,13,52,,,,,,,Low
4020332650,2016-04-12,8539,6.11999988555908,6.11999988555908,0.0,0.150000005960464,0.239999994635582,5.67999982833862,0.0,4,15,331,712,3654,3647.69834768772,8489.0,373.0,0.25902783333333335,0.2590277777777778,5.5555555557394026e-08,Moderate
4020332650,2016-04-13,0,0.0,0.0,0.0,0.0,0.0,0.0,0.0,0,0,0,1440,1981,1980.5759239196736,0.0,0.0,0.0,0.0,0.0,Low
4020332650,2016-04-14,108,0.0799999982118607,0.0799999982118607,0.0,0.0,0.0,0.0299999993294477,0.0,0,0,3,1437,2011,1996.393025279041,38.0,3.0,0.002083375,0.0020833333333333333,4.16666666668529e-08,Low
4020332650,2016-04-15,1882,1.35000002384186,1.35000002384186,0.0,0.209999993443489,0.360000014305115,0.769999980926514,0.0,36,18,87,1299,2951,2948.857539653774,1873.0,231.0,0.16041666666666668,0.16041666666666668,7.228014483236697e-19,Low
4020332650,2016-04-16,1982,1.41999995708466,1.41999995708466,0.0,0.449999988079071,0.370000004768372,0.589999973773956,0.0,65,21,55,1222,3051,3051.462377786632,1969.0,292.0,0.20277783333333332,0.20277777777777775,5.55555555625982e-08,Low
4020332650,2016-04-17,16,0.0099999997764825,0.0099999997764825,0.0,0.0,0.0,0.0099999997764825,0.0,0,0,2,1438,1990,1988.4157044887502,7.0,2.0,0.0013888750000000001,0.001388888888888889,-1.3888888888806405e-08,Low
4020332650,2016-04-18,62,0.0399999991059303,0.0399999991059303,0.0,0.0,0.0,0.0399999991059303,0.0,0,0,2,1438,1995,1995.0176243782003,62.0,2.0,0.0013888750000000001,0.001388888888888889,-1.3888888888806405e-08,Low
4020332650,2016-04-19,0,0.0,0.0,0.0,0.0,0.0,0.0,0.0,0,0,0,1440,1980,1980.5759239196736,0.0,0.0,0.0,0.0,0.0,Low
4020332650,2016-04-20,0,0.0,0.0,0.0,0.0,0.0,0.0,0.0,0,0,0,1440,1980,1980.5759239196736,0.0,0.0,0.0,0.0,0.0,Low
4020332650,2016-04-21,0,0.0,0.0,0.0,0.0,0.0,0.0,0.0,0,0,0,1440,1980,1980.5759239196736,0.0,0.0,0.0,0.0,0.0,Low
4020332650,2016-04-22,0,0.0,0.0,0.0,0.0,0.0,0.0,0.0,0,0,0,1440,1980,1980.5759239196736,0.0,0.0,0.0,0.0,0.0,Low
4020332650,2016-04-23,0,0.0,0.0,0.0,0.0,0.0,0.0,0.0,0,0,0,1440,1980,1980.5759239196736,0.0,0.0,0.0,0.0,0.0,Low
4020332650,2016-04-24,0,0.0,0.0,0.0,0.0,0.0,0.0,0.0,0,0,0,1440,1980,1980.5759239196736,0.0,0.0,0.0,0.0,0.0,Low
4020332650,2016-04-25,0,0.0,0.0,0.0,0.0,0.0,0.0,0.0,0,0,0,1440,1980,1980.5759239196736,0.0,0.0,0.0,0.0,0.0,Low
4020332650,2016-04-26,0,0.0,0.0,0.0,0.0,0.0,0.0,0.0,0,0,0,1440,1980,1980.5759239196736,0.0,0.0,0.0,0.0,0.0,Low
4020332650,2016-04-27,0,0.0,0.0,0.0,0.0,0.0,0.0,0.0,0,0,0,1440,1980,1980.5759239196736,0.0,0.0,0.0,0.0,0.0,Low
4020332650,2016-04-28,0,0.0,0.0,0.0,0.0,0.0,0.0,0.0,0,0,0,1440,1980,1980.5759239196736,0.0,0.0,0.0,0.0,0.0,Low
4020332650,2016-04-29,0,0.0,0.0,0.0,0.0,0.0,0.0,0.0,0,0,0,1440,1980,1980.5759239196736,0.0,0.0,0.0,0.0,0.0,Low
4020332650,2016-04-30,0,0.0,0.0,0.0,0.0,0.0,0.0,0.0,0,0,0,1440,1980,1980.5759239196736,0.0,0.0,0.0,0.0,0.0,Low
4020332650,2016-05-01,0,0.0,0.0,0.0,0.0,0.0,0.0,0.0,0,0,0,1440,1980,1980.5759239196736,0.0,0.0,0.0,0.0,0.0,Low
4020332650,2016-05-02,475,0.340000003576279,0.340000003576279,0.0,0.0,0.0399999991059303,0.28999999165535,0.0,0,11,31,1350,2207,2207.7920174598657,465.0,53.0,0.03680554166666667,0.03680555555555556,-1.3888888888517284e-08,Low
4020332650,2016-05-03,4496,3.22000002861023,3.22000002861023,0.0,0.0,0.0,3.15000009536743,0.0500000007450581,0,0,174,950,2828,2825.071593642233,4465.0,174.0,0.12083329166666668,0.12083333333333333,-4.166666666468449e-08,Low
4020332650,2016-05-04,10252,7.34999990463257,7.34999990463257,0.0,0.670000016689301,1.03999996185303,5.57999992370605,0.0,13,46,346,531,3879,3872.3011596202837,10194.0,477.0,0.33125,0.33125,-3.0357660829594124e-18,High
4020332650,2016-05-05,11728,8.43000030517578,8.43000030517578,0.0,2.61999988555908,1.67999994754791,4.03999996185303,0.0700000002980232,38,42,196,916,3429,3426.809074163434,11713.0,394.0,0.273611125,0.2736111111111111,1.3888888880566469e-08,High
4020332650,2016-05-06,4369,3.13000011444092,3.13000011444092,0.0,0.0,0.0,3.09999990463257,0.0099999997764825,0,0,177,855,2704,2701.973269462583,4357.0,177.0,0.12291666666666667,0.12291666666666667,-5.782411586589357e-19,Low
4020332650,2016-05-07,6132,4.40000009536743,4.40000009536743,0.0,0.0,0.0,3.57999992370605,0.0,0,0,184,1256,2975,2843.089313507078,5005.0,184.0,0.12777775,0.12777777777777777,-2.777777777717913e-08,Moderate
4020332650,2016-05-08,5862,4.19999980926514,4.19999980926514,0.0,0.0,0.0,4.15000009536743,0.0,0,0,263,775,3089,3083.0966320037824,5812.0,263.0,0.182638875,0.18263888888888888,-1.3888888884469597e-08,Moderate
4020332650,2016-05-09,4556,3.26999998092651,3.26999998092651,0.0,0.200000002980232,0.119999997317791,2.94000005722046,0.0,3,5,173,1225,2785,2784.909886121747,4556.0,192.0,0.13333329166666666,0.13333333333333333,-4.1666666665551855e-08,Low
4020332650,2016-05-10,5546,3.98000001907349,3.98000001907349,0.0,0.0,0.0,3.86999988555908,0.0399999991059303,0,0,206,774,2926,2915.4353494644142,5474.0,206.0,0.1430555,0.14305555555555555,-5.55555555542137e-08,Moderate
4020332650,2016-05-11,3689,2.65000009536743,2.65000009536743,0.0,0.109999999403954,0.170000001788139,2.32999992370605,0.0,2,8,134,1296,2645,2639.8051702976195,3663.0,156.0,0.10833329166666666,0.10833333333333334,-4.166666666786482e-08,Low
4020332650,2016-05-12,590,0.419999986886978,0.419999986886978,0.0,0.0,0.0,0.409999996423721,0.0,0,0,21,721,1120,1030.3121025562266,257.0,11.0,0.01527775,0.015277777777777777,-2.777777777703457e-08,Low
4057192912,2016-04-12,5394,4.03000020980835,4.03000020980835,0.0,0.0,0.0,3.94000005722046,0.0,0,0,164,1276,2286,2274.0182666778555,5394.0,164.0,0.11388883333333333,0.11388888888888889,-5.5555555550310574e-08,Moderate
4057192912,2016-04-13,5974,4.46999979019165,4.46999979019165,0.0,0.0,0.0,4.36999988555908,0.0,0,0,160,1280,2306,2290.30178618431,5974.0,160.0,0.11111116666666666,0.1111111111111111,5.555555555869507e-08,Moderate
4057192912,2016-04-14,0,0.0,0.0,0.0,0.0,0.0,0.0,0.0,0,0,0,1440,1776,1776.384029388427,0.0,0.0,0.0,0.0,0.0,Low
4057192912,2016-04-15,3984,2.95000004768372,2.95000004768372,0.0,0.209999993443489,0.259999990463257,2.44000005722046,0.0,3,6,88,873,1527,1509.926417946815,3937.0,107.0,0.1114583125,0.11145833333333334,-2.0833333334944332e-08,Low
4319703577,2016-04-12,7753,5.19999980926514,5.19999980926514,0.0,0.0,0.0,0.0,0.0,0,0,0,1440,2115,1455.984077453611,0.0,0.0,0.0,0.0,0.0,Moderate
4319703577,2016-04-13,8204,5.5,5.5,0.0,0.529999971389771,0.589999973773956,1.30999994277954,0.0,8,15,96,1234,2135,1748.928943276407,3619.0,150.0,0.10416670833333334,0.10416666666666667,4.16666666781286e-08,Moderate
4319703577,2016-04-14,10210,6.88000011444092,6.88000011444092,0.0,0.109999999403954,0.330000013113022,6.44000005722046,0.0,1,9,339,589,2302,2298.7609226703667,10210.0,360.0,0.25000008333333334,0.25,8.333333333934365e-08,High
4319703577,2016-04-15,5664,3.79999995231628,3.79999995231628,0.0,0.0,0.0,3.79999995231628,0.0,0,0,228,752,1985,1981.3516185283656,5664.0,228.0,0.15833333333333333,0.15833333333333333,2.3129646346357427e-18,Moderate
4319703577,2016-04-16,4744,3.1800000667572,3.1800000667572,0.0,0.0,0.0,3.1800000667572,0.0,0,0,194,724,1884,1881.1677379608168,4744.0,194.0,0.13472225000000002,0.13472222222222222,2.7777777778046492e-08,Low
4319703577,2016-04-17,29,0.0199999995529652,0.0199999995529652,0.0,0.0,0.0,0.0199999995529652,0.0,0,0,3,1363,1464,1461.761429071433,29.0,3.0,0.0020833333333333333,0.0020833333333333333,1.4456028966473392e-19,Low
4319703577,2016-04-18,2276,1.54999995231628,1.54999995231628,0.0,0.0700000002980232,0.330000013113022,1.12000000476837,0.0,1,9,58,824,1632,1632.805703878409,2229.0,79.0,0.05486116666666666,0.05486111111111111,5.5555555557972265e-08,Low
4319703577,2016-04-19,8925,5.98999977111816,5.98999977111816,0.0,0.0,0.0,5.98999977111816,0.0,0,0,311,604,2200,2200.223860740667,8925.0,311.0,0.21597225,0.21597222222222223,2.777777777790193e-08,Moderate
4319703577,2016-04-20,8954,6.01000022888184,6.01000022888184,0.0,0.0,0.680000007152557,5.30999994277954,0.0,0,18,306,671,2220,2214.27536964417,8915.0,342.0,0.2375000416666667,0.23750000000000002,4.1666666669888663e-08,Moderate
4319703577,2016-04-21,3702,2.48000001907349,2.48000001907349,0.0,0.0,0.0,0.349999994039536,0.0,0,0,34,1265,1792,1525.6503055095736,517.0,34.0,0.023611125,0.02361111111111111,1.3888888889818327e-08,Low
4319703577,2016-04-22,4500,3.01999998092651,3.01999998092651,0.0,0.0599999986588955,0.810000002384186,2.15000009536743,0.0,1,19,176,709,1886,1886.945955753332,4500.0,217.0,0.1506945,0.15069444444444444,5.5555555562164516e-08,Low
4319703577,2016-04-23,4935,3.30999994277954,3.30999994277954,0.0,0.0,0.0,3.30999994277954,0.0,0,0,233,546,1945,1945.4770638942775,4935.0,233.0,0.16180562499999998,0.16180555555555556,6.944444444287555e-08,Low
4319703577,2016-04-24,4081,2.74000000953674,2.74000000953674,0.0,0.0599999986588955,0.200000002980232,2.47000002861023,0.0,1,5,191,692,1880,1880.9816417694149,4081.0,204.0,0.14166675,0.14166666666666666,8.333333333486227e-08,Low
4319703577,2016-04-25,9259,6.21000003814697,6.21000003814697,0.0,0.0,0.280000001192093,5.92999982833862,0.0,0,8,390,544,2314,2314.2533841133168,9259.0,406.0,0.28194437499999997,0.28194444444444444,-6.944444444909163e-08,Moderate
4319703577,2016-04-26,9899,6.6399998664856,6.6399998664856,0.0,0.569999992847443,0.920000016689301,5.15000009536743,0.0,8,21,288,649,2236,2236.3129940033014,9899.0,354.0,0.245833375,0.24583333333333335,4.166666665673368e-08,Moderate
4319703577,2016-04-27,10780,7.23000001907349,7.23000001907349,0.0,0.409999996423721,1.91999995708466,4.90999984741211,0.0,6,47,300,680,2324,2324.4634716510823,10780.0,412.0,0.2861112083333333,0.2861111111111111,9.722222222265676e-08,High
4319703577,2016-04-28,10817,7.28000020980835,7.28000020980835,0.0,1.00999999046326,0.330000013113022,5.94000005722046,0.0,13,8,359,552,2367,2367.5278084278157,10810.0,414.0,0.28750004166666665,0.28750000000000003,4.16666666682985e-08,High
4319703577,2016-04-29,7990,5.3600001335144,5.3600001335144,0.0,0.449999988079071,0.790000021457672,4.11999988555908,0.0,6,18,289,624,2175,2175.9622616767933,7990.0,343.0,0.23819445833333333,0.23819444444444446,1.3888888897190902e-08,Moderate
4319703577,2016-04-30,8221,5.51999998092651,5.51999998092651,0.0,0.400000005960464,1.61000001430511,3.50999999046326,0.0,6,38,196,695,2092,2092.3608295917566,8221.0,290.0,0.201388875,0.20138888888888892,-1.3888888889240086e-08,Moderate
4319703577,2016-05-01,1251,0.839999973773956,0.839999973773956,0.0,0.0,0.0,0.839999973773956,0.0,0,0,67,836,1593,1593.8860540390078,1251.0,67.0,0.04652775,0.04652777777777778,-2.777777777689001e-08,Low
4319703577,2016-05-02,9261,6.23999977111816,6.23999977111816,0.0,0.0,0.439999997615814,5.71000003814697,0.0,0,11,344,585,2270,2264.618189573293,9121.0,366.0,0.25416675,0.25416666666666665,8.333333333703068e-08,Moderate
4319703577,2016-05-03,9648,6.46999979019165,6.46999979019165,0.0,0.579999983310699,1.07000005245209,4.82999992370605,0.0,8,26,287,669,2235,2235.6053619384816,9648.0,363.0,0.252083375,0.2520833333333333,4.1666666665985536e-08,Moderate
4319703577,2016-05-04,10429,7.01999998092651,7.01999998092651,0.0,0.589999973773956,0.579999983310699,5.84999990463257,0.0,8,13,313,1106,2282,2282.81439185143,10429.0,363.0,0.252083375,0.2520833333333333,4.1666666658902084e-08,High
4319703577,2016-05-05,13658,9.48999977111816,9.48999977111816,0.0,2.63000011444092,1.4099999666214,5.44999980926514,0.0,27,34,328,957,2530,2530.0805289745376,13658.0,477.0,0.33125008333333333,0.33125,8.333333332994723e-08,High
4319703577,2016-05-06,9524,6.42000007629395,6.42000007629395,0.0,0.409999996423721,0.469999998807907,5.46000003814697,0.0,6,11,314,692,2266,2264.314915895467,9426.0,354.0,0.24583333333333332,0.24583333333333335,-7.083454193571962e-18,Moderate
4319703577,2016-05-07,7937,5.32999992370605,5.32999992370605,0.0,0.189999997615814,1.04999995231628,4.07999992370605,0.0,3,28,279,586,2158,2158.435628414156,7937.0,344.0,0.23888895833333335,0.2388888888888889,6.944444444200819e-08,Moderate
4319703577,2016-05-08,3672,2.46000003814697,2.46000003814697,0.0,0.0,0.0,2.46000003814697,0.0,0,0,153,603,1792,1791.5106343030957,3672.0,153.0,0.10624995833333334,0.10625,-4.166666666526273e-08,Low
4319703577,2016-05-09,10378,6.96000003814697,6.96000003814697,0.0,0.140000000596046,0.560000002384186,6.25,0.0,2,14,374,490,2345,2345.4320662021655,10362.0,408.0,0.28333320833333336,0.2833333333333333,-1.2499999999766748e-07,High
4319703577,2016-05-10,9487,6.36999988555908,6.36999988555908,0.0,0.209999993443489,0.46000000834465,5.69999980926514,0.0,3,12,329,555,2260,2260.7182359695453,9487.0,362.0,0.2513889166666667,0.2513888888888889,2.7777777779202973e-08,Moderate
4319703577,2016-05-11,9129,6.13000011444092,6.13000011444092,0.0,0.200000002980232,0.740000009536743,5.17999982833862,0.0,3,18,311,574,2232,2232.042755126955,9129.0,356.0,0.24722225,0.24722222222222223,2.7777777773420564e-08,Moderate
4319703577,2016-05-12,17,0.0099999997764825,0.0099999997764825,0.0,0.0,0.0,0.0099999997764825,0.0,0,0,2,0,257,246.87163639068658,17.0,2.0,0.0083335,0.008333333333333333,1.666666666674116e-07,Low
4388161847,2016-04-12,10122,7.78000020980835,7.78000020980835,0.0,0.0,0.0,0.0,0.0,0,0,0,1440,2955,1878.1919288635247,0.0,0.0,0.0,0.0,0.0,High
4388161847,2016-04-13,10993,8.44999980926514,8.44999980926514,0.0,0.0599999986588955,0.629999995231628,3.88000011444092,0.0,1,14,150,1275,3092,2510.2557210922237,5938.0,181.0,0.12569445833333334,0.12569444444444444,1.388888889083025e-08,High
4388161847,2016-04-14,8863,6.82000017166138,6.82000017166138,0.0,0.129999995231628,1.07000005245209,5.61999988555908,0.0,10,35,219,945,2998,2998.0639621019363,8863.0,319.0,0.22152775,0.22152777777777777,-2.7777777775444407e-08,Moderate
4388161847,2016-04-15,8758,6.73000001907349,6.73000001907349,0.0,0.0,0.0,6.73000001907349,0.0,0,0,299,837,3066,3066.800580978394,8758.0,299.0,0.207639,0.2076388888888889,1.1111111111088492e-07,Moderate
4388161847,2016-04-16,6580,5.05999994277954,5.05999994277954,0.0,0.209999993443489,0.400000005960464,4.44999980926514,0.0,6,9,253,609,3073,3073.452517390251,6580.0,289.0,0.20069445833333333,0.20069444444444443,1.3888888888806405e-08,Moderate
4388161847,2016-04-17,4660,3.57999992370605,3.57999992370605,0.0,0.0,0.0,3.57999992370605,0.0,0,0,201,721,2572,2572.6012977361684,4660.0,201.0,0.13958345833333333,0.13958333333333334,1.2500000000142605e-07,Low
4388161847,2016-04-18,11009,9.10000038146973,9.10000038146973,0.0,3.55999994277954,0.400000005960464,5.1399998664856,0.0,27,8,239,1017,3274,3274.053840398789,11009.0,336.0,0.23333337499999998,0.2333333333333333,4.1666666669888663e-08,High
4388161847,2016-04-19,10181,7.82999992370605,7.82999992370605,0.0,1.37000000476837,0.689999997615814,5.76999998092651,0.0,20,16,249,704,3015,3015.0198624134064,10181.0,341.0,0.23680554166666667,0.23680555555555557,-1.3888888890252008e-08,High
4388161847,2016-04-20,10553,8.11999988555908,8.11999988555908,0.0,1.10000002384186,1.72000002861023,5.28999996185303,0.0,19,42,228,696,3083,3083.104330301285,10553.0,369.0,0.2562499166666667,0.25625000000000003,-8.333333333081459e-08,High
4388161847,2016-04-21,10055,7.73000001907349,7.73000001907349,0.0,0.370000004768372,0.389999985694885,6.98000001907349,0.0,7,12,272,853,3069,3069.5395983457565,10055.0,317.0,0.22013891666666666,0.22013888888888888,2.7777777778913854e-08,High
4388161847,2016-04-22,12139,9.34000015258789,9.34000015258789,0.0,3.29999995231628,1.11000001430511,4.92000007629395,0.0,77,25,220,945,3544,3543.913519382477,12139.0,501.0,0.3479167083333334,0.34791666666666665,4.166666667090058e-08,High
4388161847,2016-04-23,13236,10.1800003051758,10.1800003051758,0.0,4.5,0.319999992847443,5.34999990463257,0.0,58,5,215,749,3306,3306.922198176384,13236.0,399.0,0.27708341666666664,0.27708333333333335,8.333333331650312e-08,High
4388161847,2016-04-24,10243,7.88000011444092,7.88000011444092,0.0,1.08000004291534,0.509999990463257,6.30000019073486,0.0,14,8,239,584,2885,2885.1115654706955,10243.0,297.0,0.20624995833333334,0.20625000000000002,-4.166666666280521e-08,High
4388161847,2016-04-25,12961,9.97000026702881,9.97000026702881,0.0,0.730000019073486,1.39999997615814,7.84000015258789,0.0,11,31,301,1054,3288,3288.922865629196,12961.0,396.0,0.2750000833333333,0.27499999999999997,8.333333334237941e-08,High
4388161847,2016-04-26,9461,7.28000020980835,7.28000020980835,0.0,0.939999997615814,1.05999994277954,5.26999998092651,0.0,14,23,224,673,2929,2929.196923494339,9461.0,312.0,0.216666625,0.21666666666666667,-4.166666665904664e-08,Moderate
4388161847,2016-04-27,11193,8.60999965667725,8.60999965667725,0.0,0.699999988079071,2.50999999046326,5.3899998664856,0.0,11,48,241,684,3074,3074.626376271248,11193.0,370.0,0.25694454166666664,0.2569444444444445,9.722222222150027e-08,High
4388161847,2016-04-28,10074,7.75,7.75,0.0,1.28999996185303,0.430000007152557,6.03000020980835,0.0,19,9,234,878,2969,2969.1084969043736,10074.0,309.0,0.214583375,0.21458333333333335,4.1666666672201626e-08,High
4388161847,2016-04-29,9232,7.09999990463257,7.09999990463257,0.0,0.800000011920929,0.889999985694885,5.42000007629395,0.0,13,16,236,1175,2979,2979.1516245603557,9232.0,307.0,0.2131944166666667,0.21319444444444444,-2.7777777775299845e-08,Moderate
4388161847,2016-04-30,12533,9.64000034332275,9.64000034332275,0.0,0.699999988079071,2.0,6.94000005722046,0.0,14,43,300,537,3283,3283.18392431736,12533.0,428.0,0.29722225,0.2972222222222222,2.7777777786141867e-08,High
4388161847,2016-05-01,10255,7.8899998664856,7.8899998664856,0.0,1.00999999046326,0.680000007152557,6.19999980926514,0.0,12,15,241,579,2926,2926.8491647243495,10255.0,307.0,0.2131944583333333,0.21319444444444444,1.388888889111937e-08,High
4388161847,2016-05-02,10096,8.39999961853027,8.39999961853027,0.0,3.76999998092651,0.0799999982118607,4.55000019073486,0.0,33,4,204,935,3147,3147.2758824825287,10096.0,311.0,0.21597225,0.21597222222222223,2.7777777779781215e-08,High
4388161847,2016-05-03,12727,9.78999996185303,9.78999996185303,0.0,1.12999999523163,0.779999971389771,7.88000011444092,0.0,18,18,306,984,3290,3290.096725463867,12727.0,396.0,0.275,0.27499999999999997,8.529057090219302e-18,High
4388161847,2016-05-04,12375,9.52000045776367,9.52000045776367,0.0,2.78999996185303,0.930000007152557,5.80000019073486,0.0,35,21,251,632,3162,3162.144897937775,12375.0,398.0,0.27638883333333336,0.2763888888888889,-5.5555555558405946e-08,High
4388161847,2016-05-05,9603,7.38000011444092,7.38000011444092,0.0,0.629999995231628,1.66999995708466,5.09000015258789,0.0,12,39,199,896,2899,2899.5893102884293,9603.0,313.0,0.21736112500000002,0.21736111111111112,1.3888888889529207e-08,Moderate
4388161847,2016-05-06,13175,10.1300001144409,10.1300001144409,0.0,2.10999989509583,2.08999991416931,5.92999982833862,0.0,33,45,262,1100,3425,3425.091796040535,13175.0,451.0,0.3131944583333333,0.31319444444444444,1.3888888889962888e-08,High
4388161847,2016-05-07,22770,17.5400009155273,17.5400009155273,0.0,9.44999980926514,2.76999998092651,5.32999992370605,0.0,120,56,260,508,4022,4022.46116900444,22770.0,732.0,0.508333375,0.5083333333333333,4.166666667422547e-08,High
4388161847,2016-05-08,17298,14.3800001144409,14.3800001144409,0.0,9.89000034332275,1.25999999046326,3.23000001907349,0.0,107,38,178,576,3934,3934.812216758728,17298.0,575.0,0.3993055833333334,0.3993055555555556,2.7777777758819972e-08,High
4388161847,2016-05-09,10218,7.8600001335144,7.8600001335144,0.0,0.340000003576279,0.730000019073486,6.78999996185303,0.0,6,19,258,1020,3013,3013.4546984434132,10218.0,314.0,0.21805558333333333,0.21805555555555556,2.777777778281698e-08,High
4388161847,2016-05-10,10299,7.92000007629395,7.92000007629395,0.0,0.810000002384186,0.649999976158142,6.46000003814697,0.0,13,14,267,648,3061,3061.061651706695,10299.0,334.0,0.23194454166666667,0.23194444444444443,9.722222221224842e-08,High
4388161847,2016-05-11,10201,7.84000015258789,7.84000015258789,0.0,0.529999971389771,0.790000021457672,6.53000020980835,0.0,8,18,256,858,2954,2954.3699032068253,10201.0,316.0,0.21944445833333334,0.21944444444444444,1.3888888894155136e-08,High
4388161847,2016-05-12,3369,2.58999991416931,2.58999991416931,0.0,0.0,0.0,2.58999991416931,0.0,0,0,108,825,1623,1553.8125705718994,3079.0,101.0,0.11222226666666665,0.11222222222222222,4.44444444506568e-08,Low
4445114986,2016-04-12,3276,2.20000004768372,2.20000004768372,0.0,0.0,0.0,2.20000004768372,0.0,0,0,196,787,2113,2113.9764900207483,3276.0,196.0,0.13611108333333333,0.1361111111111111,-2.7777777778480173e-08,Low
4445114986,2016-04-13,2961,1.99000000953674,1.99000000953674,0.0,0.0,0.0,1.99000000953674,0.0,0,0,194,840,2095,2095.3562085628473,2961.0,194.0,0.13472220833333334,0.13472222222222222,-1.3888888888372725e-08,Low
4445114986,2016-04-14,3974,2.67000007629395,2.67000007629395,0.0,0.0,0.0,2.67000007629395,0.0,0,0,231,717,2194,2194.319551110264,3974.0,231.0,0.16041670833333332,0.16041666666666668,4.166666666627466e-08,Low
4445114986,2016-04-15,7198,4.82999992370605,4.82999992370605,0.0,0.0,0.0,4.82999992370605,0.0,0,0,350,711,2496,2496.3818670511214,7198.0,350.0,0.24305554166666665,0.24305555555555555,-1.3888888889673767e-08,Moderate
4445114986,2016-04-16,3945,2.65000009536743,2.65000009536743,0.0,0.0,0.0,2.65000009536743,0.0,0,0,225,716,2180,2180.756629586216,3945.0,225.0,0.15625004166666664,0.15625,4.166666666584098e-08,Low
4445114986,2016-04-17,2268,1.51999998092651,1.51999998092651,0.0,0.0,0.0,1.51999998092651,0.0,0,0,114,1219,1933,1931.911520957943,2258.0,114.0,0.07916670833333334,0.07916666666666668,4.166666666439537e-08,Low
4445114986,2016-04-18,6155,4.23999977111816,4.23999977111816,0.0,2.0,0.28999999165535,1.95000004768372,0.0,25,6,162,1247,2248,2248.3413444757425,6155.0,249.0,0.1729166666666667,0.1729166666666667,5.782411586589357e-19,Moderate
4445114986,2016-04-19,2064,1.38999998569489,1.38999998569489,0.0,0.0,0.0,1.38999998569489,0.0,0,0,121,895,1954,1954.324829220768,2064.0,121.0,0.08402770833333334,0.08402777777777777,-6.94444444408517e-08,Low
4445114986,2016-04-20,2072,1.38999998569489,1.38999998569489,0.0,0.0,0.0,1.38999998569489,0.0,0,0,137,841,1974,1974.439327955242,2072.0,137.0,0.09513891666666667,0.09513888888888888,2.777777778209418e-08,Low
4445114986,2016-04-21,3809,2.55999994277954,2.55999994277954,0.0,0.0,0.0,2.53999996185303,0.0,0,0,215,756,2150,2146.9642633199655,3789.0,215.0,0.14930558333333332,0.14930555555555555,2.7777777779202973e-08,Low
4445114986,2016-04-22,6831,4.57999992370605,4.57999992370605,0.0,0.0,0.0,4.57999992370605,0.0,0,0,317,706,2432,2432.015468239781,6831.0,317.0,0.22013891666666666,0.22013888888888888,2.7777777779636654e-08,Moderate
4445114986,2016-04-23,4363,2.9300000667572,2.9300000667572,0.0,0.0,0.0,2.9300000667572,0.0,0,0,201,1239,2149,2149.093816161161,4363.0,201.0,0.13958333333333334,0.13958333333333334,-1.1564823173178713e-18,Low
4445114986,2016-04-24,5002,3.35999989509583,3.35999989509583,0.0,0.0,0.0,3.35999989509583,0.0,0,0,244,1196,2247,2247.076809167867,5002.0,244.0,0.169444375,0.16944444444444443,-6.944444443853874e-08,Moderate
4445114986,2016-04-25,3385,2.26999998092651,2.26999998092651,0.0,0.0,0.0,2.26999998092651,0.0,0,0,179,916,2070,2070.9366198778207,3385.0,179.0,0.12430554166666667,0.12430555555555556,-1.3888888885336959e-08,Low
4445114986,2016-04-26,6326,4.40999984741211,4.40999984741211,0.0,2.41000008583069,0.0399999991059303,1.96000003814697,0.0,29,1,180,839,2291,2291.427014589315,6326.0,269.0,0.18680554166666666,0.18680555555555556,-1.3888888888228165e-08,Moderate
4445114986,2016-04-27,7243,5.03000020980835,5.03000020980835,0.0,2.61999988555908,0.0299999993294477,2.38000011444092,0.0,32,1,194,839,2361,2361.906010746961,7243.0,292.0,0.20277779166666668,0.2027777777777778,1.3888888892854093e-08,Moderate
4445114986,2016-04-28,4493,3.00999999046326,3.00999999046326,0.0,0.0,0.0,3.00999999046326,0.0,0,0,236,762,2203,2203.8726153373773,4493.0,236.0,0.163888875,0.1638888888888889,-1.3888888890107448e-08,Low
4445114986,2016-04-29,4676,3.14000010490417,3.14000010490417,0.0,0.0,0.0,3.13000011444092,0.0,0,0,226,1106,2196,2194.246218681341,4658.0,226.0,0.15694450000000001,0.15694444444444444,5.555555555869507e-08,Low
4445114986,2016-04-30,6222,4.17999982833862,4.17999982833862,0.0,0.0,0.0,4.17999982833862,0.0,0,0,290,797,2363,2363.739608526235,6222.0,290.0,0.20138891666666667,0.20138888888888887,2.7777777782527862e-08,Moderate
4445114986,2016-05-01,5232,3.50999999046326,3.50999999046326,0.0,0.0,0.0,3.50999999046326,0.0,0,0,240,741,2246,2246.618410348897,5232.0,240.0,0.16666666666666666,0.16666666666666666,6.216092455583559e-18,Moderate
4445114986,2016-05-02,6910,4.75,4.75,0.0,2.21000003814697,0.189999997615814,2.34999990463257,0.0,27,4,200,667,2336,2336.121016621595,6910.0,289.0,0.20069441666666665,0.20069444444444443,-2.7777777773709683e-08,Moderate
4445114986,2016-05-03,7502,5.17999982833862,5.17999982833862,0.0,2.48000001907349,0.109999999403954,2.57999992370605,0.0,30,2,233,725,2421,2421.039613366132,7502.0,327.0,0.227083375,0.22708333333333333,4.16666666704669e-08,Moderate
4445114986,2016-05-04,2923,1.96000003814697,1.96000003814697,0.0,0.0,0.0,1.96000003814697,0.0,0,0,180,897,2070,2070.707415103918,2923.0,180.0,0.12500008333333332,0.125,8.333333333558508e-08,Low
4445114986,2016-05-05,3800,2.54999995231628,2.54999995231628,0.0,0.119999997317791,0.239999994635582,2.1800000667572,0.0,2,6,185,734,2120,2120.9022165536935,3800.0,203.0,0.14097225,0.14097222222222222,2.7777777780648577e-08,Low
4445114986,2016-05-06,4514,3.02999997138977,3.02999997138977,0.0,0.0,0.0,3.02999997138977,0.0,0,0,229,809,2211,2211.321609854703,4514.0,229.0,0.15902791666666669,0.15902777777777777,1.3888888889341278e-07,Low
4445114986,2016-05-07,5183,3.58999991416931,3.58999991416931,0.0,2.13000011444092,0.189999997615814,1.25,0.0,26,4,108,866,2123,2123.8818247318327,5167.0,194.0,0.13472220833333334,0.13472222222222222,-1.3888888887216242e-08,Moderate
4445114986,2016-05-08,7303,4.90000009536743,4.90000009536743,0.0,0.0,0.25,4.65000009536743,0.0,0,8,308,733,2423,2423.44621610642,7303.0,324.0,0.22499995833333333,0.225,-4.166666667277987e-08,Moderate
4445114986,2016-05-09,5275,3.53999996185303,3.53999996185303,0.0,0.0,0.0,3.53999996185303,0.0,0,0,266,641,2281,2281.571414709096,5275.0,266.0,0.18472225,0.18472222222222223,2.7777777773709683e-08,Moderate
4445114986,2016-05-10,3915,2.63000011444092,2.63000011444092,0.0,0.0,0.0,2.63000011444092,0.0,0,0,231,783,2181,2181.6402148008397,3915.0,231.0,0.16041670833333332,0.16041666666666668,4.166666666786482e-08,Low
4445114986,2016-05-11,9105,6.1100001335144,6.1100001335144,0.0,2.25,1.0,2.85999989509583,0.0,34,22,232,622,2499,2499.769816160207,9105.0,378.0,0.26249991666666667,0.2625,-8.33333333358742e-08,Moderate
4445114986,2016-05-12,768,0.519999980926514,0.519999980926514,0.0,0.0,0.0,0.519999980926514,0.0,0,0,58,380,1212,975.5898145437275,687.0,51.0,0.05666673333333334,0.056666666666666664,6.666666666974019e-08,Low
4558609924,2016-04-12,5135,3.39000010490417,3.39000010490417,0.0,0.0,0.0,3.39000010490417,0.0,0,0,318,1122,1909,1909.6585637330998,5135.0,318.0,0.220833375,0.22083333333333333,4.166666666309433e-08,Moderate
4558609924,2016-04-13,4978,3.28999996185303,3.28999996185303,0.0,1.24000000953674,0.439999997615814,1.61000001430511,0.0,19,7,127,1287,1722,1722.5535922050472,4978.0,198.0,0.13750004166666668,0.13749999999999998,4.1666666675960196e-08,Low
4558609924,2016-04-14,6799,4.48999977111816,4.48999977111816,0.0,0.0,0.0,4.48999977111816,0.0,0,0,279,1161,1922,1922.9303888082497,6799.0,279.0,0.19374991666666666,0.19375,-8.333333333572963e-08,Moderate
4558609924,2016-04-15,7795,5.15000009536743,5.15000009536743,0.0,0.589999973773956,0.839999973773956,3.73000001907349,0.0,17,30,262,1131,2121,2121.9150315523143,7795.0,373.0,0.2590277916666667,0.2590277777777778,1.3888888886638001e-08,Moderate
4558609924,2016-04-16,7289,4.82000017166138,4.82000017166138,0.0,0.550000011920929,0.75,3.5,0.0,8,12,308,1112,1997,1990.8673117160786,7265.0,356.0,0.24722229166666668,0.24722222222222223,6.944444443521385e-08,Moderate
4558609924,2016-04-17,9634,6.40000009536743,6.40000009536743,0.0,0.550000011920929,1.13999998569489,4.71000003814697,0.0,7,19,304,1110,2117,2117.6194674372673,9634.0,363.0,0.252083375,0.2520833333333333,4.166666666164873e-08,Moderate
4558609924,2016-04-18,8940,5.90999984741211,5.90999984741211,0.0,0.980000019073486,0.930000007152557,4.0,0.0,14,15,331,1080,2116,2116.3080142736426,8940.0,403.0,0.27986104166666664,0.2798611111111111,-6.94444444451885e-08,Moderate
4558609924,2016-04-19,5401,3.5699999332428,3.5699999332428,0.0,0.0500000007450581,0.360000014305115,3.16000008583069,0.0,1,9,248,1182,1876,1875.8100128173821,5401.0,269.0,0.18680558333333333,0.18680555555555556,2.7777777769372874e-08,Moderate
4558609924,2016-04-20,4803,3.17000007629395,3.17000007629395,0.0,0.0,0.0,3.17000007629395,0.0,0,0,222,1218,1788,1788.762014985084,4803.0,222.0,0.154166625,0.15416666666666667,-4.166666666266065e-08,Low
4558609924,2016-04-21,13743,9.07999992370605,9.07999992370605,0.0,0.419999986886978,0.970000028610229,7.69999980926514,0.0,6,21,432,844,2486,2486.634010910987,13743.0,492.0,0.34166674999999996,0.3416666666666666,8.333333333847628e-08,High
4558609924,2016-04-22,9601,6.34999990463257,6.34999990463257,0.0,1.37000000476837,1.5,3.47000002861023,0.0,20,25,273,1122,2094,2094.732011556625,9601.0,383.0,0.26597224999999997,0.2659722222222222,2.7777777783973463e-08,Moderate
4558609924,2016-04-23,6890,4.55000019073486,4.55000019073486,0.0,0.340000003576279,0.200000002980232,4.01000022888184,0.0,5,5,308,1122,2085,2078.7360113859168,6890.0,333.0,0.23124999999999998,0.23124999999999998,4.336808689942018e-19,Moderate
4558609924,2016-04-24,8563,5.65999984741211,5.65999984741211,0.0,0.0,0.0,5.65000009536743,0.0,0,0,395,1045,2173,2169.3167279958707,8553.0,395.0,0.27430554166666665,0.2743055555555555,-1.388888888620432e-08,Moderate
4558609924,2016-04-25,8095,5.34999990463257,5.34999990463257,0.0,0.589999973773956,0.25,4.51000022888184,0.0,18,10,340,993,2225,2225.847457408905,8095.0,414.0,0.2875,0.28750000000000003,-1.6479873021779667e-17,Moderate
4558609924,2016-04-26,9148,6.05000019073486,6.05000019073486,0.0,0.430000007152557,2.02999997138977,3.58999991416931,0.0,12,41,283,1062,2223,2222.019285202027,9148.0,401.0,0.27847220833333336,0.27847222222222223,-1.3888888894588817e-08,Moderate
4558609924,2016-04-27,9557,6.32000017166138,6.32000017166138,0.0,1.96000003814697,0.889999985694885,3.46000003814697,0.0,27,14,312,1087,2098,2098.490778684616,9557.0,421.0,0.292361125,0.2923611111111111,1.3888888895456178e-08,Moderate
4558609924,2016-04-28,9451,6.25,6.25,0.0,0.0199999995529652,0.270000010728836,5.94999980926514,0.0,1,11,367,985,2185,2185.0447689294815,9451.0,392.0,0.27222233333333334,0.2722222222222222,1.11111111106259e-07,Moderate
4558609924,2016-04-29,7833,5.17999982833862,5.17999982833862,0.0,1.01999998092651,1.85000002384186,2.30999994277954,0.0,15,29,197,1096,1918,1922.5817084312437,7833.0,300.0,0.20833329166666667,0.20833333333333334,-4.1666666664973616e-08,Moderate
4558609924,2016-04-30,10319,6.82000017166138,6.82000017166138,0.0,0.469999998807907,1.88999998569489,4.46000003814697,0.0,7,29,293,1111,2105,2104.298055410386,10310.0,372.0,0.25833337500000003,0.25833333333333336,4.166666666107049e-08,High
4558609924,2016-05-01,3428,2.26999998092651,2.26999998092651,0.0,0.0,0.0,2.26999998092651,0.0,0,0,190,1121,1692,1691.4317009448991,3428.0,190.0,0.13194441666666668,0.13194444444444445,-2.777777777703457e-08,Low
4558609924,2016-05-02,7891,5.21999979019165,5.21999979019165,0.0,0.0,0.0,5.21999979019165,0.0,0,0,383,1057,2066,2066.4447981715207,7891.0,383.0,0.26597224999999997,0.2659722222222222,2.777777777240864e-08,Moderate
4558609924,2016-05-03,5267,3.48000001907349,3.48000001907349,0.0,0.600000023841858,0.280000001192093,2.59999990463257,0.0,21,10,237,1172,1953,1953.3557744622233,5267.0,320.0,0.22222233333333333,0.2222222222222222,1.1111111111305333e-07,Moderate
4558609924,2016-05-04,5232,3.46000003814697,3.46000003814697,0.0,0.0,0.0,3.46000003814697,0.0,0,0,252,1188,1842,1842.7674946188927,5232.0,252.0,0.17499995833333334,0.17500000000000002,-4.1666666665551855e-08,Moderate
4558609924,2016-05-05,10611,7.01000022888184,7.01000022888184,0.0,1.00999999046326,0.5,5.51000022888184,0.0,14,8,370,1048,2262,2261.5951374769215,10611.0,428.0,0.29722224999999997,0.2972222222222222,2.7777777769806555e-08,High
4558609924,2016-05-06,3755,2.48000001907349,2.48000001907349,0.0,0.0,0.0,2.48000001907349,0.0,0,0,202,1238,1722,1722.731974184513,3755.0,202.0,0.14027783333333332,0.14027777777777778,5.555555555088881e-08,Low
4558609924,2016-05-07,8237,5.44000005722046,5.44000005722046,0.0,1.61000001430511,1.0,2.82999992370605,0.0,23,16,233,1116,1973,1973.3616935610773,8237.0,334.0,0.23194445833333333,0.23194444444444443,1.3888888892131293e-08,Moderate
4558609924,2016-05-08,6543,4.32999992370605,4.32999992370605,0.0,1.79999995231628,0.5,2.01999998092651,0.0,66,35,238,1019,2666,2666.838708758354,6543.0,506.0,0.35138891666666666,0.3513888888888889,2.7777777779347534e-08,Moderate
4558609924,2016-05-09,11451,7.57000017166138,7.57000017166138,0.0,0.430000007152557,1.62000000476837,5.51999998092651,0.0,6,30,339,1065,2223,2223.6988270282745,11451.0,417.0,0.28958333333333336,0.2895833333333333,6.071532165918825e-18,High
4558609924,2016-05-10,6435,4.25,4.25,0.0,0.740000009536743,1.12000000476837,2.39000010490417,0.0,11,18,220,1191,1889,1888.5752686858177,6435.0,289.0,0.20069445833333333,0.20069444444444443,1.3888888887939044e-08,Moderate
4558609924,2016-05-11,9108,6.01999998092651,6.01999998092651,0.0,0.259999990463257,1.82000005245209,3.94000005722046,0.0,4,31,324,1081,2131,2130.7786179184914,9108.0,398.0,0.27638887500000003,0.2763888888888889,-1.388888888620432e-08,Moderate
4558609924,2016-05-12,6307,4.17000007629395,4.17000007629395,0.0,0.0,0.0,4.17000007629395,0.0,0,0,247,736,1452,1402.6877842545512,6020.0,232.0,0.241666625,0.24166666666666667,-4.166666667162339e-08,Moderate
4702921684,2016-04-12,7213,5.88000011444092,5.88000011444092,0.0,0.0,0.0,5.84999990463257,0.0,0,0,263,718,2947,2947.28323841095,7213.0,263.0,0.182638875,0.1826388888888889,-1.388888889140849e-08,Moderate
4702921684,2016-04-13,6877,5.57999992370605,5.57999992370605,0.0,0.0,0.0,5.57999992370605,0.0,0,0,258,777,2898,2896.8544369935994,6877.0,258.0,0.17916666666666667,0.17916666666666667,1.4456028966473392e-19,Moderate
4702921684,2016-04-14,7860,6.36999988555908,6.36999988555908,0.0,0.0,0.0,6.36999988555908,0.0,0,0,271,772,2984,2984.8246783018117,7860.0,271.0,0.18819450000000001,0.18819444444444444,5.55555555556593e-08,Moderate
4702921684,2016-04-15,6506,5.28000020980835,5.28000020980835,0.0,0.0700000002980232,0.419999986886978,4.78999996185303,0.0,1,8,256,944,2896,2896.2941161394124,6506.0,275.0,0.1909722083333333,0.1909722222222222,-1.3888888893721455e-08,Moderate
4702921684,2016-04-16,11140,9.02999973297119,9.02999973297119,0.0,0.239999994635582,1.25,7.53999996185303,0.0,3,24,335,556,3328,3322.1373296976085,11134.0,392.0,0.2722222083333334,0.2722222222222222,-1.388888889111937e-08,High
4702921684,2016-04-17,12692,10.289999961853,10.289999961853,0.0,0.959999978542328,3.46000003814697,5.88000011444092,0.0,12,66,302,437,3394,3394.4186036586766,12692.0,470.0,0.32638887499999997,0.3263888888888889,-1.388888889039657e-08,High
4702921684,2016-04-18,9105,7.38000011444092,7.38000011444092,0.0,1.82000005245209,1.49000000953674,4.07000017166138,0.0,22,30,191,890,3013,3013.9613157510767,9105.0,317.0,0.2201387916666667,0.22013888888888888,-9.722222221615155e-08,Moderate
4702921684,2016-04-19,6708,5.44000005722046,5.44000005722046,0.0,0.879999995231628,0.370000004768372,4.19000005722046,0.0,10,8,179,757,2812,2812.8064305782323,6708.0,225.0,0.15625,0.15625,-7.228014483236697e-19,Moderate
4702921684,2016-04-20,8793,7.13000011444092,7.13000011444092,0.0,0.159999996423721,1.23000001907349,5.73000001907349,0.0,2,29,260,717,3061,3061.30835723877,8793.0,324.0,0.22499995833333333,0.225,-4.166666666309433e-08,Moderate
4702921684,2016-04-21,6530,5.30000019073486,5.30000019073486,0.0,0.310000002384186,2.04999995231628,2.94000005722046,0.0,4,41,144,901,2729,2729.598898053171,6530.0,238.0,0.16527779166666667,0.16527777777777777,1.388888888634888e-08,Moderate
4702921684,2016-04-22,1664,1.35000002384186,1.35000002384186,0.0,0.0,0.0,1.35000002384186,0.0,0,0,72,1341,2241,2241.8403172493013,1664.0,72.0,0.05000000000000001,0.05000000000000001,0.0,Low
4702921684,2016-04-23,15126,12.2700004577637,12.2700004577637,0.0,0.759999990463257,3.24000000953674,8.27000045776367,0.0,9,66,408,469,3691,3691.948531985283,15126.0,567.0,0.39375008333333333,0.39375,8.333333333457316e-08,High
4702921684,2016-04-24,15050,12.2200002670288,12.2200002670288,0.0,1.20000004768372,5.11999988555908,5.88000011444092,0.0,15,95,281,542,3538,3538.701003670693,15050.0,516.0,0.358333375,0.35833333333333334,4.166666666323889e-08,High
4702921684,2016-04-25,9167,7.42999982833862,7.42999982833862,0.0,0.490000009536743,0.819999992847443,6.1100001335144,0.0,6,15,270,730,3064,3060.4678753614435,9140.0,318.0,0.220833375,0.22083333333333333,4.16666666704669e-08,Moderate
4702921684,2016-04-26,6108,4.94999980926514,4.94999980926514,0.0,0.0700000002980232,0.349999994039536,4.53999996185303,0.0,1,8,216,765,2784,2783.949946165086,6108.0,235.0,0.16319445833333332,0.16319444444444445,1.3888888885915199e-08,Moderate
4702921684,2016-04-27,7047,5.71999979019165,5.71999979019165,0.0,0.0900000035762787,0.800000011920929,4.78000020980835,0.0,1,16,238,733,2908,2902.4576340913777,6976.0,273.0,0.189583375,0.18958333333333333,4.1666666669310424e-08,Moderate
4702921684,2016-04-28,9023,7.32000017166138,7.32000017166138,0.0,1.12999999523163,0.419999986886978,5.76999998092651,0.0,14,9,232,738,3033,3033.8526774644856,9023.0,292.0,0.20277779166666665,0.20277777777777775,1.3888888892998654e-08,Moderate
4702921684,2016-04-29,9930,8.05000019073486,8.05000019073486,0.0,1.05999994277954,0.920000016689301,6.07000017166138,0.0,12,19,267,692,3165,3165.247724056244,9930.0,341.0,0.23680554166666667,0.23680555555555557,-1.3888888894877938e-08,Moderate
4702921684,2016-04-30,10144,8.22999954223633,8.22999954223633,0.0,0.319999992847443,2.02999997138977,5.88000011444092,0.0,4,36,263,728,3115,3115.939548134805,10144.0,347.0,0.24097225,0.24097222222222223,2.777777778223874e-08,High
4702921684,2016-05-01,0,0.0,0.0,0.0,0.0,0.0,0.0,0.0,0,0,0,1440,2017,2017.151985168461,0.0,0.0,0.0,0.0,0.0,Low
4702921684,2016-05-02,7245,5.92000007629395,5.92000007629395,0.0,0.379999995231628,1.74000000953674,3.75999999046326,0.0,5,40,195,1131,2859,2859.0328252315535,7245.0,290.0,0.20138895833333334,0.20138888888888887,6.944444445530773e-08,Moderate
4702921684,2016-05-03,9454,7.67000007629395,7.67000007629395,0.0,0.0,0.0,7.67000007629395,0.0,0,0,313,729,3145,3143.675403237343,9454.0,313.0,0.21736108333333334,0.21736111111111112,-2.7777777776167207e-08,Moderate
4702921684,2016-05-04,8161,6.61999988555908,6.61999988555908,0.0,0.340000003576279,0.730000019073486,5.53999996185303,0.0,4,15,251,757,3004,3004.1557172536855,8161.0,293.0,0.20347220833333335,0.20347222222222225,-1.3888888896757221e-08,Moderate
4702921684,2016-05-05,8614,6.98999977111816,6.98999977111816,0.0,0.670000016689301,0.219999998807907,6.09000015258789,0.0,8,5,241,745,3006,3004.7160384655,8614.0,275.0,0.19097229166666665,0.1909722222222222,6.94444444422973e-08,Moderate
4702921684,2016-05-06,6943,5.63000011444092,5.63000011444092,0.0,0.0799999982118607,0.660000026226044,4.86999988555908,0.0,1,16,207,682,2859,2856.5113930702214,6910.0,242.0,0.16805554166666667,0.16805555555555554,-1.388888888157839e-08,Moderate
4702921684,2016-05-07,14370,11.6499996185303,11.6499996185303,0.0,0.370000004768372,2.30999994277954,8.97000026702881,0.0,5,46,439,577,3683,3683.823899030685,14370.0,546.0,0.37916662500000003,0.37916666666666665,-4.166666666005856e-08,High
4702921684,2016-05-08,12857,10.4300003051758,10.4300003051758,0.0,0.680000007152557,6.21000003814697,3.53999996185303,0.0,9,125,192,1019,3287,3287.397469997407,12857.0,469.0,0.3256945,0.32569444444444445,5.555555554568464e-08,High
4702921684,2016-05-09,8232,6.67999982833862,6.67999982833862,0.0,0.0,0.569999992847443,6.09999990463257,0.0,0,12,253,746,2990,2990.9881947040562,8232.0,277.0,0.19236104166666668,0.19236111111111112,-6.944444444403203e-08,Moderate
4702921684,2016-05-10,10613,8.60999965667725,8.60999965667725,0.0,0.0799999982118607,1.87999999523163,6.65000009536743,0.0,1,37,262,701,3172,3172.8120397329335,10613.0,339.0,0.23541662500000002,0.2354166666666667,-4.1666666666130094e-08,High
4702921684,2016-05-11,9810,7.96000003814697,7.96000003814697,0.0,0.779999971389771,2.16000008583069,4.98000001907349,0.0,10,41,235,784,3069,3069.993310451509,9772.0,347.0,0.24097220833333333,0.24097222222222223,-1.3888888881289271e-08,Moderate
4702921684,2016-05-12,2752,2.23000001907349,2.23000001907349,0.0,0.0,0.0,2.23000001907349,0.0,0,0,68,241,1240,1221.777772426606,2752.0,68.0,0.10303036363636364,0.10303030303030303,6.060606061137795e-08,Low
5553957443,2016-04-12,11596,7.57000017166138,7.57000017166138,0.0,1.37000000476837,0.790000021457672,5.40999984741211,0.0,19,13,277,767,2026,2026.0087760686874,11596.0,360.0,0.24999991666666666,0.25,-8.333333333616332e-08,High
5553957443,2016-04-13,4832,3.16000008583069,3.16000008583069,0.0,0.0,0.0,3.16000008583069,0.0,0,0,226,647,1718,1718.3243876695635,4832.0,226.0,0.15694445833333334,0.15694444444444444,1.3888888892564974e-08,Low
5553957443,2016-04-14,17022,11.1199998855591,11.1199998855591,0.0,4.0,2.45000004768372,4.67000007629395,0.0,61,41,256,693,2324,2324.4415833950043,17022.0,521.0,0.36180562499999996,0.36180555555555555,6.944444445024812e-08,High
5553957443,2016-04-15,16556,10.8599996566772,10.8599996566772,0.0,4.15999984741211,1.98000001907349,4.71000003814697,0.0,58,38,239,689,2254,2254.3675887584686,16556.0,489.0,0.33958333333333335,0.33958333333333335,-3.0357660829594124e-18,High
5553957443,2016-04-16,5771,3.76999998092651,3.76999998092651,0.0,0.0,0.0,3.76999998092651,0.0,0,0,288,521,1831,1831.0839813947678,5771.0,288.0,0.200000125,0.19999999999999998,1.249999999946317e-07,Moderate
5553957443,2016-04-17,655,0.430000007152557,0.430000007152557,0.0,0.0,0.0,0.430000007152557,0.0,0,0,46,943,1397,1397.8160049915314,655.0,46.0,0.03194441666666666,0.03194444444444444,-2.777777777732369e-08,Low
5553957443,2016-04-18,3727,2.4300000667572,2.4300000667572,0.0,0.0,0.0,2.4300000667572,0.0,0,0,206,622,1683,1683.2415864467619,3727.0,206.0,0.14305566666666666,0.14305555555555557,1.1111111111074036e-07,Low
5553957443,2016-04-19,15482,10.1099996566772,10.1099996566772,0.0,4.28000020980835,1.6599999666214,4.17999982833862,0.0,69,28,249,756,2284,2284.1375851631165,15482.0,512.0,0.3555555416666667,0.35555555555555557,-1.3888888886927122e-08,High
5553957443,2016-04-20,2713,1.76999998092651,1.76999998092651,0.0,0.0,0.0,1.76999998092651,0.0,0,0,148,598,1570,1570.023994088173,2713.0,148.0,0.10277783333333333,0.10277777777777779,5.555555555782771e-08,Low
5553957443,2016-04-21,12346,8.0600004196167,8.0600004196167,0.0,2.95000004768372,2.16000008583069,2.96000003814697,0.0,47,42,177,801,2066,2066.4043884277344,12346.0,402.0,0.2791666666666667,0.2791666666666667,1.4456028966473392e-19,High
5553957443,2016-04-22,11682,7.63000011444092,7.63000011444092,0.0,1.37999999523163,0.629999995231628,5.59999990463257,0.0,25,16,270,781,2105,2104.509977698326,11670.0,377.0,0.2618055833333333,0.26180555555555557,2.7777777779492096e-08,High
5553957443,2016-04-23,4112,2.69000005722046,2.69000005722046,0.0,0.0,0.0,2.6800000667572,0.0,0,0,272,443,1776,1776.2155839204788,4110.0,272.0,0.18888887499999998,0.18888888888888888,-1.3888888893866016e-08,Low
5553957443,2016-04-24,1807,1.17999994754791,1.17999994754791,0.0,0.0,0.0,1.17999994754791,0.0,0,0,104,582,1507,1507.461192369461,1807.0,104.0,0.07222216666666667,0.07222222222222223,-5.555555555305722e-08,Low
5553957443,2016-04-25,10946,7.19000005722046,7.19000005722046,0.0,2.9300000667572,0.569999992847443,3.69000005722046,0.0,51,11,201,732,2033,2033.0619906187057,10946.0,376.0,0.26111104166666665,0.2611111111111111,-6.944444444461027e-08,High
5553957443,2016-04-26,11886,7.76000022888184,7.76000022888184,0.0,2.36999988555908,0.930000007152557,4.46000003814697,0.0,40,18,238,750,2093,2093.8843854665756,11886.0,394.0,0.273611125,0.2736111111111111,1.3888888887794484e-08,High
5553957443,2016-04-27,10538,6.88000011444092,6.88000011444092,0.0,1.13999998569489,1.0,4.73999977111816,0.0,16,16,206,745,1922,1922.134383201599,10538.0,286.0,0.19861116666666667,0.1986111111111111,5.555555555667122e-08,High
5553957443,2016-04-28,11393,7.63000011444092,7.63000011444092,0.0,3.71000003814697,0.75,3.17000007629395,0.0,49,13,165,727,1999,1999.627990245819,11393.0,338.0,0.23472225,0.23472222222222225,2.777777777154128e-08,High
5553957443,2016-04-29,12764,8.32999992370605,8.32999992370605,0.0,2.78999996185303,0.639999985694885,4.90999984741211,0.0,46,15,270,709,2169,2169.729176878929,12764.0,438.0,0.3041665416666667,0.30416666666666664,-1.2499999999202963e-07,High
5553957443,2016-04-30,1202,0.779999971389771,0.779999971389771,0.0,0.0,0.0,0.779999971389771,0.0,0,0,84,506,1463,1463.309998035431,1202.0,84.0,0.05833333333333334,0.05833333333333334,1.0119220276531375e-18,Low
5553957443,2016-05-01,5164,3.36999988555908,3.36999988555908,0.0,0.0,0.0,3.36999988555908,0.0,0,0,237,436,1747,1747.2699897289276,5164.0,237.0,0.16458329166666666,0.16458333333333333,-4.166666666251609e-08,Moderate
5553957443,2016-05-02,9769,6.38000011444092,6.38000011444092,0.0,1.05999994277954,0.409999996423721,4.90000009536743,0.0,23,9,227,724,1996,1996.860037803649,9769.0,314.0,0.21805554166666666,0.21805555555555556,-1.3888888878831745e-08,Moderate
5553957443,2016-05-03,12848,8.39000034332275,8.39000034332275,0.0,1.5,1.20000004768372,5.67999982833862,0.0,26,29,247,812,2116,2114.6766954660407,12821.0,383.0,0.26597224999999997,0.2659722222222222,2.77777777831061e-08,High
5553957443,2016-05-04,4249,2.76999998092651,2.76999998092651,0.0,0.0,0.0,2.76999998092651,0.0,0,0,224,651,1698,1698.6223554015148,4249.0,224.0,0.15555558333333333,0.15555555555555556,2.7777777779636654e-08,Low
5553957443,2016-05-05,14331,9.51000022888184,9.51000022888184,0.0,3.4300000667572,1.6599999666214,4.42999982833862,0.0,44,29,241,692,2156,2156.2912526726714,14331.0,431.0,0.299305625,0.29930555555555555,6.944444445400669e-08,High
5553957443,2016-05-06,9632,6.28999996185303,6.28999996185303,0.0,1.51999998092651,0.540000021457672,4.23000001907349,0.0,21,9,229,761,1916,1916.003672361373,9632.0,310.0,0.2152778333333333,0.2152777777777778,5.5555555551322494e-08,Moderate
5553957443,2016-05-07,1868,1.22000002861023,1.22000002861023,0.0,0.0,0.0,1.22000002861023,0.0,0,0,96,902,1494,1494.4737331271162,1868.0,96.0,0.06666670833333334,0.06666666666666667,4.166666666800938e-08,Low
5553957443,2016-05-08,6083,4.0,4.0,0.0,0.219999998807907,0.469999998807907,3.29999995231628,0.0,3,8,210,505,1762,1762.6868763566006,6083.0,235.0,0.16319445833333335,0.16319444444444445,1.3888888884469597e-08,Moderate
5553957443,2016-05-09,11611,7.57999992370605,7.57999992370605,0.0,2.13000011444092,0.889999985694885,4.55999994277954,0.0,59,22,251,667,2272,2272.739016711711,11611.0,472.0,0.3277778333333333,0.3277777777777778,5.55555555520453e-08,High
5553957443,2016-05-10,16358,10.710000038147,10.710000038147,0.0,3.86999988555908,1.61000001430511,5.19999980926514,0.0,61,40,265,707,2335,2335.9821934700003,16315.0,528.0,0.36666675,0.3666666666666667,8.333333333529595e-08,High
5553957443,2016-05-11,4926,3.22000002861023,3.22000002861023,0.0,0.0,0.0,3.22000002861023,0.0,0,0,195,628,1693,1693.3292736411086,4926.0,195.0,0.13541666666666666,0.13541666666666666,1.4456028966473393e-18,Low
5553957443,2016-05-12,3121,2.03999996185303,2.03999996185303,0.0,0.579999983310699,0.400000005960464,1.05999994277954,0.0,8,6,48,222,741,715.20460742712,3121.0,84.0,0.14000010000000002,0.13999999999999999,1.000000000007939e-07,Low
5577150313,2016-04-12,8135,6.07999992370605,6.07999992370605,0.0,3.59999990463257,0.379999995231628,2.09999990463257,0.0,86,16,140,728,3405,3405.3700594902084,8135.0,430.0,0.29861108333333336,0.2986111111111111,-2.7777777775733526e-08,Moderate
5577150313,2016-04-13,5077,3.78999996185303,3.78999996185303,0.0,0.319999992847443,0.219999998807907,3.25,0.0,15,11,144,776,2551,2551.933936238294,5077.0,211.0,0.14652775,0.14652777777777778,-2.7777777775878087e-08,Moderate
5577150313,2016-04-14,8596,6.42000007629395,6.42000007629395,0.0,3.32999992370605,0.310000002384186,2.77999997138977,0.0,118,30,176,662,4022,4097.627382040027,8596.0,590.0,0.40972220833333334,0.40972222222222227,-1.3888888888228165e-08,Moderate
5577150313,2016-04-15,12087,9.07999992370605,9.07999992370605,0.0,3.92000007629395,1.60000002384186,3.55999994277954,0.0,115,54,199,695,4005,4004.040231108669,12087.0,652.0,0.452777875,0.4527777777777778,9.7222222219621e-08,High
5577150313,2016-04-16,14269,10.6599998474121,10.6599998474121,0.0,6.6399998664856,1.27999997138977,2.73000001907349,0.0,184,56,158,472,4274,4272.451131701468,14261.0,822.0,0.5708333333333334,0.5708333333333334,2.3129646346357427e-18,High
5577150313,2016-04-17,12231,9.14000034332275,9.14000034332275,0.0,5.98000001907349,0.829999983310699,2.3199999332428,0.0,200,37,159,525,4552,4552.352889895437,12231.0,833.0,0.5784722083333333,0.5784722222222222,-1.3888888900515789e-08,High
5577150313,2016-04-18,9893,7.3899998664856,7.3899998664856,0.0,4.8600001335144,0.720000028610229,1.82000005245209,0.0,114,32,130,623,3625,3624.4179807901364,9893.0,536.0,0.37222225000000003,0.37222222222222223,2.777777777645633e-08,Moderate
5577150313,2016-04-19,12574,9.42000007629395,9.42000007629395,0.0,7.01999998092651,0.639999985694885,1.75999999046326,0.0,108,23,111,733,3501,3501.459972023962,12574.0,481.0,0.33402770833333334,0.3340277777777778,-6.944444444273098e-08,High
5577150313,2016-04-20,8330,6.21999979019165,6.21999979019165,0.0,4.11999988555908,0.340000003576279,1.75999999046326,0.0,87,16,113,773,3192,3192.485318064688,8330.0,406.0,0.2819444583333333,0.28194444444444444,1.3888888869435326e-08,Moderate
5577150313,2016-04-21,10830,8.09000015258789,8.09000015258789,0.0,3.65000009536743,1.6599999666214,2.77999997138977,0.0,110,74,175,670,4018,4018.5660119056683,10830.0,653.0,0.4534723333333333,0.4534722222222222,1.1111111108558687e-07,High
5577150313,2016-04-22,9172,6.84999990463257,6.84999990463257,0.0,2.42000007629395,0.790000021457672,3.29999995231628,0.0,62,30,200,823,3329,3283.977193474767,8700.0,446.0,0.30972220833333336,0.30972222222222223,-1.3888888885481518e-08,Moderate
5577150313,2016-04-23,7638,5.71000003814697,5.71000003814697,0.0,1.21000003814697,0.360000014305115,4.1399998664856,0.0,24,24,223,627,3152,3151.288696408269,7638.0,343.0,0.23819441666666666,0.23819444444444446,-2.777777778151594e-08,Moderate
5577150313,2016-04-24,15764,11.7799997329712,11.7799997329712,0.0,7.65000009536743,2.15000009536743,1.98000001907349,0.0,210,65,141,425,4392,4392.368471860883,15764.0,901.0,0.625694375,0.6256944444444444,-6.944444444909163e-08,High
5577150313,2016-04-25,6393,4.78000020980835,4.78000020980835,0.0,1.35000002384186,0.670000016689301,2.75999999046326,0.0,61,38,214,743,3374,3374.584492683409,6393.0,473.0,0.32847229166666664,0.3284722222222222,6.944444444822427e-08,Moderate
5577150313,2016-04-26,5325,3.98000001907349,3.98000001907349,0.0,0.850000023841858,0.649999976158142,2.47000002861023,0.0,38,32,181,759,3088,3088.861917138098,5325.0,359.0,0.24930549999999999,0.24930555555555556,-5.555555555146705e-08,Moderate
5577150313,2016-04-27,6805,5.1399998664856,5.1399998664856,0.0,1.80999994277954,0.400000005960464,2.9300000667572,0.0,63,16,190,773,3294,3294.213169574736,6805.0,411.0,0.2854167083333334,0.2854166666666667,4.1666666674514595e-08,Moderate
5577150313,2016-04-28,9841,7.42999982833862,7.42999982833862,0.0,3.25,1.16999995708466,3.00999999046326,0.0,99,51,141,692,3580,3580.567598819731,9841.0,540.0,0.3749999583333334,0.375,-4.166666666468449e-08,Moderate
5577150313,2016-04-29,7924,5.92000007629395,5.92000007629395,0.0,2.83999991416931,0.610000014305115,2.47000002861023,0.0,97,36,165,739,3544,3544.9312479495975,7924.0,528.0,0.36666662499999997,0.3666666666666667,-4.16666666675757e-08,Moderate
5577150313,2016-04-30,12363,9.23999977111816,9.23999977111816,0.0,5.82999992370605,0.790000021457672,2.60999989509583,0.0,207,45,163,621,4501,4501.4257774353,12363.0,874.0,0.6069444583333333,0.6069444444444444,1.3888888919019507e-08,High
5577150313,2016-05-01,13368,9.98999977111816,9.98999977111816,0.0,5.30999994277954,1.44000005722046,3.24000000953674,0.0,194,72,178,499,4546,4546.918980956076,13368.0,904.0,0.6277777916666666,0.6277777777777778,1.388888887637422e-08,High
5577150313,2016-05-02,7439,5.55999994277954,5.55999994277954,0.0,1.12000000476837,0.349999994039536,4.07000017166138,0.0,37,20,235,732,3014,3014.050872206685,7414.0,386.0,0.26805566666666664,0.26805555555555555,1.1111111111637821e-07,Moderate
5577150313,2016-05-03,11045,8.25,8.25,0.0,4.51999998092651,0.150000005960464,3.5699999332428,0.0,97,8,212,580,3795,3795.396592259405,11045.0,519.0,0.3604167916666667,0.36041666666666666,1.250000000027271e-07,High
5577150313,2016-05-04,5206,3.89000010490417,3.89000010490417,0.0,1.55999994277954,0.25,2.07999992370605,0.0,25,9,141,631,2755,2753.855052709577,5206.0,234.0,0.1625,0.1625,-5.782411586589357e-19,Moderate
5577150313,2016-05-05,7550,5.6399998664856,5.6399998664856,0.0,2.5,0.469999998807907,2.67000007629395,0.0,45,21,143,1153,3004,3004.9522435665103,7550.0,320.0,0.2222222083333333,0.2222222222222222,-1.3888888890107448e-08,Moderate
5577150313,2016-05-06,4950,3.70000004768372,3.70000004768372,0.0,1.92999994754791,0.319999992847443,1.45000004768372,0.0,41,16,79,1304,2643,2643.407671689983,4950.0,234.0,0.1625,0.1625,-2.457524924300477e-18,Low
5577150313,2016-05-07,0,0.0,0.0,0.0,0.0,0.0,0.0,0.0,0,0,0,1440,1819,1819.7280120849553,0.0,0.0,0.0,0.0,0.0,Low
5577150313,2016-05-08,0,0.0,0.0,0.0,0.0,0.0,0.0,0.0,0,0,0,1440,1819,1819.7280120849553,0.0,0.0,0.0,0.0,0.0,Low
5577150313,2016-05-09,3421,2.55999994277954,2.55999994277954,0.0,1.42999994754791,0.140000000596046,0.990000009536743,0.0,34,11,70,1099,2489,2489.362644076344,3421.0,194.0,0.13472220833333334,0.13472222222222222,-1.3888888890541129e-08,Low
5577150313,2016-05-10,8869,6.65000009536743,6.65000009536743,0.0,2.55999994277954,0.75,3.34999990463257,0.0,104,37,194,639,3841,3841.14254105091,8869.0,580.0,0.402777875,0.40277777777777773,9.722222223277598e-08,Moderate
5577150313,2016-05-11,4038,3.03999996185303,3.03999996185303,0.0,1.83000004291534,0.300000011920929,0.889999985694885,0.0,45,15,63,257,1665,1649.6339864730824,3929.0,226.0,0.3138889166666667,0.3138888888888889,2.77777777831061e-08,Low
6117666160,2016-04-12,0,0.0,0.0,0.0,0.0,0.0,0.0,0.0,0,0,0,1440,1496,1496.5919494628977,0.0,0.0,0.0,0.0,0.0,Low
6117666160,2016-04-13,0,0.0,0.0,0.0,0.0,0.0,0.0,0.0,0,0,0,1440,1496,1496.5919494628977,0.0,0.0,0.0,0.0,0.0,Low
6117666160,2016-04-14,0,0.0,0.0,0.0,0.0,0.0,0.0,0.0,0,0,0,1440,1496,1496.5919494628977,0.0,0.0,0.0,0.0,0.0,Low
6117666160,2016-04-15,14019,10.5900001525879,10.5900001525879,0.0,0.0,0.280000001192093,10.3000001907349,0.0,0,6,513,921,2865,2865.1421782970465,14019.0,525.0,0.36458337500000004,0.3645833333333333,4.1666666670177786e-08,High
6117666160,2016-04-16,14450,10.9099998474121,10.9099998474121,0.0,0.579999983310699,0.850000023841858,9.47999954223633,0.0,7,15,518,502,2828,2828.4548864364638,14450.0,569.0,0.395138875,0.39513888888888893,-1.3888888894010576e-08,High
6117666160,2016-04-17,7150,5.40000009536743,5.40000009536743,0.0,0.0,0.0,5.40000009536743,0.0,0,0,312,702,2225,2225.7648179531125,7150.0,312.0,0.21666675,0.21666666666666667,8.333333333544052e-08,Moderate
6117666160,2016-04-18,5153,3.91000008583069,3.91000008583069,0.0,0.0,0.0,3.89000010490417,0.0,0,0,241,759,2018,2018.9441206455263,5153.0,241.0,0.16736116666666667,0.1673611111111111,5.555555556014067e-08,Moderate
6117666160,2016-04-19,11135,8.40999984741211,8.40999984741211,0.0,0.0,0.0,8.40999984741211,0.0,0,0,480,425,2606,2606.6682696342486,11135.0,480.0,0.33333324999999997,0.3333333333333333,-8.333333333486227e-08,High
6117666160,2016-04-20,10449,8.02000045776367,8.02000045776367,0.0,2.02999997138977,0.479999989271164,5.51999998092651,0.0,26,10,349,587,2536,2536.203720331194,10449.0,447.0,0.3104167083333333,0.3104166666666667,4.166666666107049e-08,High
6117666160,2016-04-21,19542,15.0100002288818,15.0100002288818,0.0,0.980000019073486,0.400000005960464,5.61999988555908,0.0,11,19,294,579,4900,2366.693902015689,9093.0,365.0,0.25347225,0.2534722222222222,2.7777777780504016e-08,High
6117666160,2016-04-22,8206,6.19999980926514,6.19999980926514,0.0,0.0,0.0,6.19999980926514,0.0,0,0,402,413,2409,2409.7209172248863,8206.0,402.0,0.2791666666666667,0.2791666666666667,4.481368979606752e-18,Moderate
6117666160,2016-04-23,11495,8.68000030517578,8.68000030517578,0.0,0.0,0.0,8.68000030517578,0.0,0,0,512,468,2651,2650.4227926731123,11495.0,512.0,0.3555555833333333,0.35555555555555557,2.7777777779058415e-08,High
6117666160,2016-04-24,7623,5.76000022888184,5.76000022888184,0.0,0.0,0.0,5.76000022888184,0.0,0,0,362,711,2305,2305.16734004021,7623.0,362.0,0.2513889166666667,0.2513888888888889,2.7777777784551705e-08,Moderate
6117666160,2016-04-25,0,0.0,0.0,0.0,0.0,0.0,0.0,0.0,0,0,0,1440,1497,1496.5919494628977,0.0,0.0,0.0,0.0,0.0,Low
6117666160,2016-04-26,9543,7.21000003814697,7.21000003814697,0.0,0.0,0.340000003576279,6.86999988555908,0.0,0,7,352,1077,2450,2450.2536232471493,9543.0,366.0,0.2541667083333333,0.25416666666666665,4.166666666396169e-08,Moderate
6117666160,2016-04-27,9411,7.1100001335144,7.1100001335144,0.0,0.0,0.0,7.1100001335144,0.0,0,0,458,417,2576,2576.840360164645,9411.0,458.0,0.31805554166666666,0.3180555555555556,-1.388888889111937e-08,Moderate
6117666160,2016-04-28,3403,2.59999990463257,2.59999990463257,0.0,0.0,0.0,2.59999990463257,0.0,0,0,141,758,1879,1879.781853914265,3403.0,141.0,0.09791670833333332,0.09791666666666667,4.1666666665118174e-08,Low
6117666160,2016-04-29,9592,7.23999977111816,7.23999977111816,0.0,0.0,0.0,7.23999977111816,0.0,0,0,461,479,2560,2560.3154852390317,9592.0,461.0,0.32013879166666664,0.3201388888888889,-9.722222221904275e-08,Moderate
6117666160,2016-04-30,6987,5.28000020980835,5.28000020980835,0.0,0.0,0.0,5.28000020980835,0.0,0,0,343,1040,2275,2275.6512181758903,6987.0,343.0,0.23819445833333333,0.23819444444444446,1.3888888885915199e-08,Moderate
6117666160,2016-05-01,8915,6.73000001907349,6.73000001907349,0.0,0.0,0.0,6.73000001907349,0.0,0,0,397,525,2361,2361.0816774368313,8915.0,397.0,0.27569445833333334,0.27569444444444446,1.3888888883023994e-08,Moderate
6117666160,2016-05-02,4933,3.73000001907349,3.73000001907349,0.0,0.0,0.0,3.73000001907349,0.0,0,0,236,1204,2044,2042.1205165386252,4927.0,235.0,0.16319441666666665,0.16319444444444445,-2.77777777816605e-08,Low
6117666160,2016-05-03,0,0.0,0.0,0.0,0.0,0.0,0.0,0.0,0,0,0,1440,1496,1496.5919494628977,0.0,0.0,0.0,0.0,0.0,Low
6117666160,2016-05-04,2997,2.25999999046326,2.25999999046326,0.0,0.0,0.0,2.25999999046326,0.0,0,0,156,1279,1902,1902.022882223135,2997.0,156.0,0.10833337500000001,0.10833333333333334,4.16666666682985e-08,Low
6117666160,2016-05-05,9799,7.40000009536743,7.40000009536743,0.0,0.0,0.0,7.40000009536743,0.0,0,0,487,479,2636,2636.600107669832,9799.0,487.0,0.33819441666666666,0.33819444444444446,-2.7777777785419067e-08,Moderate
6117666160,2016-05-06,3365,2.6800000667572,2.6800000667572,0.0,0.0,0.0,2.6800000667572,0.0,0,0,133,673,1838,1837.0666232109113,3365.0,133.0,0.09236108333333333,0.09236111111111112,-2.7777777778624734e-08,Low
6117666160,2016-05-07,7336,5.53999996185303,5.53999996185303,0.0,0.0,0.0,5.53999996185303,0.0,0,0,412,456,2469,2469.1688818931607,7336.0,412.0,0.28611116666666664,0.2861111111111111,5.555555556303188e-08,Moderate
6117666160,2016-05-08,7328,5.53000020980835,5.53000020980835,0.0,0.0,0.0,5.53000020980835,0.0,0,0,318,517,2250,2250.8119511604336,7328.0,318.0,0.220833375,0.22083333333333333,4.166666666208241e-08,Moderate
6117666160,2016-05-09,4477,3.38000011444092,3.38000011444092,0.0,0.0,0.0,3.38000011444092,0.0,0,0,197,125,1248,1085.444890975954,3297.0,155.0,0.2152778333333333,0.2152777777777778,5.5555555541347834e-08,Low
6290855005,2016-04-12,4562,3.45000004768372,3.45000004768372,0.0,0.0,0.0,3.45000004768372,0.0,0,0,199,1241,2560,2560.058997631068,4562.0,199.0,0.13819445833333333,0.13819444444444443,1.388888889083025e-08,Low
6290855005,2016-04-13,7142,5.40000009536743,5.40000009536743,0.0,0.0,0.0,5.3899998664856,0.0099999997764825,0,0,350,1090,2905,2905.216209650035,7142.0,350.0,0.24305554166666665,0.24305555555555555,-1.3888888900082108e-08,Moderate
6290855005,2016-04-14,7671,5.80000019073486,5.80000019073486,0.0,0.0,0.0,5.76999998092651,0.0299999993294477,0,0,363,1077,2952,2952.439207077022,7671.0,363.0,0.25208329166666665,0.2520833333333333,-4.1666666670177786e-08,Moderate
6290855005,2016-04-15,9501,7.17999982833862,7.17999982833862,0.0,0.0,0.0,7.17000007629395,0.0099999997764825,0,0,328,1112,2896,2896.3439981937363,9501.0,328.0,0.22777779166666667,0.22777777777777777,1.3888888894299697e-08,Moderate
6290855005,2016-04-16,8301,6.28000020980835,6.28000020980835,0.0,0.0,0.0,6.26999998092651,0.0099999997764825,0,0,258,1182,2783,2783.867400407786,8301.0,258.0,0.179166625,0.17916666666666667,-4.1666666670177786e-08,Moderate
6290855005,2016-04-17,7851,5.94000005722046,5.94000005722046,0.0,1.13999998569489,0.790000021457672,4.0,0.0,31,12,225,1172,3171,3171.7113287448838,7851.0,342.0,0.23750000000000002,0.23750000000000002,6.938893903907228e-18,Moderate
6290855005,2016-04-18,6885,5.21000003814697,5.21000003814697,0.0,0.0,0.0,5.19000005722046,0.0199999995529652,0,0,271,1169,2766,2766.409201860423,6885.0,271.0,0.18819445833333334,0.18819444444444444,1.3888888884325037e-08,Moderate
6290855005,2016-04-19,7142,5.40000009536743,5.40000009536743,0.0,0.0,0.0,5.3899998664856,0.0099999997764825,0,0,321,1119,2839,2839.3901960849716,7142.0,321.0,0.222916625,0.22291666666666665,-4.1666666664973616e-08,Moderate
6290855005,2016-04-20,6361,4.80999994277954,4.80999994277954,0.0,0.0,0.0,4.80000019073486,0.0099999997764825,0,0,258,1182,2701,2701.155596256251,6361.0,258.0,0.17916666666666667,0.17916666666666667,-2.3129646346357427e-18,Moderate
6290855005,2016-04-21,0,0.0,0.0,0.0,0.0,0.0,0.0,0.0,0,0,0,1440,2060,2060.639991760248,0.0,0.0,0.0,0.0,0.0,Low
6290855005,2016-04-22,6238,4.71999979019165,4.71999979019165,0.0,0.0,0.0,4.71999979019165,0.0,0,0,302,1138,2796,2796.1740007400463,6238.0,302.0,0.20972225,0.20972222222222223,2.777777777703457e-08,Moderate
6290855005,2016-04-23,0,0.0,0.0,0.0,0.0,0.0,0.0,0.0,33,0,0,1407,2664,2664.4191091060575,0.0,99.0,0.06874999999999999,0.06874999999999999,0.0,Low
6290855005,2016-04-24,5896,4.46000003814697,4.46000003814697,0.0,0.0,0.0,4.46000003814697,0.0,0,0,258,1182,2703,2703.731398344035,5896.0,258.0,0.17916658333333335,0.17916666666666667,-8.333333333139283e-08,Moderate
6290855005,2016-04-25,7802,5.90000009536743,5.90000009536743,0.0,0.680000007152557,0.180000007152557,5.03000020980835,0.0099999997764825,8,3,249,1180,2771,2771.560797214503,7802.0,279.0,0.19374995833333333,0.19374999999999998,-4.166666666323889e-08,Moderate
6290855005,2016-04-26,0,0.0,0.0,0.0,0.0,0.0,0.0,0.0,0,0,0,1440,2060,2060.639991760248,0.0,0.0,0.0,0.0,0.0,Low
6290855005,2016-04-27,5565,4.21000003814697,4.21000003814697,0.0,0.0,0.0,4.17999982833862,0.0299999993294477,0,0,287,1153,2743,2743.513203382487,5565.0,287.0,0.1993055,0.19930555555555554,-5.5555555551756175e-08,Moderate
6290855005,2016-04-28,5731,4.32999992370605,4.32999992370605,0.0,0.0,0.0,4.32999992370605,0.0,0,0,255,1185,2687,2687.417997121806,5731.0,255.0,0.17708325,0.17708333333333334,-8.333333333341668e-08,Moderate
6290855005,2016-04-29,0,0.0,0.0,0.0,0.0,0.0,0.0,0.0,0,0,0,1440,2060,2060.639991760248,0.0,0.0,0.0,0.0,0.0,Low
6290855005,2016-04-30,6744,5.09999990463257,5.09999990463257,0.0,0.0,0.0,5.09000015258789,0.0099999997764825,0,0,324,1116,2843,2843.683201789851,6744.0,324.0,0.225,0.225,5.059610138265687e-18,Moderate
6290855005,2016-05-01,9837,7.44000005722046,7.44000005722046,0.0,0.660000026226044,2.75,4.0,0.0199999995529652,8,95,282,1055,3327,3327.1923527717545,9837.0,496.0,0.3444444583333333,0.3444444444444445,1.388888888620432e-08,Moderate
6290855005,2016-05-02,6781,5.13000011444092,5.13000011444092,0.0,0.0,0.0,5.1100001335144,0.0199999995529652,0,0,268,1172,2725,2725.196401119227,6781.0,268.0,0.18611108333333334,0.18611111111111112,-2.7777777779347534e-08,Moderate
6290855005,2016-05-03,6047,4.57000017166138,4.57000017166138,0.0,0.0,0.0,4.57000017166138,0.0,0,0,240,1200,2671,2671.3907992839763,6047.0,240.0,0.16666666666666666,0.16666666666666666,2.3129646346357427e-18,Moderate
6290855005,2016-05-04,5832,4.40999984741211,4.40999984741211,0.0,0.0,0.0,4.40000009536743,0.0099999997764825,0,0,272,1168,2718,2718.6138019561718,5832.0,272.0,0.18888895833333333,0.18888888888888888,6.944444444605587e-08,Moderate
6290855005,2016-05-05,6339,4.78999996185303,4.78999996185303,0.0,0.0,0.0,4.78999996185303,0.0,0,0,239,1201,2682,2682.8387994766185,6339.0,239.0,0.16597216666666667,0.16597222222222222,-5.555555555161162e-08,Moderate
6290855005,2016-05-06,6116,4.61999988555908,4.61999988555908,0.0,0.0,0.0,4.59000015258789,0.0299999993294477,0,0,305,1135,2806,2806.7633984088848,6116.0,305.0,0.2118055,0.21180555555555555,-5.555555555522562e-08,Moderate
6290855005,2016-05-07,5510,4.17000007629395,4.17000007629395,0.0,0.0,0.0,4.15999984741211,0.0,0,0,227,1213,2613,2613.578398466105,5510.0,227.0,0.15763891666666666,0.15763888888888888,2.777777777703457e-08,Moderate
6290855005,2016-05-08,7706,5.82999992370605,5.82999992370605,0.0,0.0,0.0,5.82000017166138,0.0,0,0,251,1189,2712,2712.31739878654,7706.0,251.0,0.1743055,0.17430555555555557,-5.5555555553635457e-08,Moderate
6290855005,2016-05-09,6277,4.75,4.75,0.0,0.0,0.0,4.73000001907349,0.0199999995529652,0,0,264,800,2175,2094.411601781842,6118.0,257.0,0.25196076470588236,0.2519607843137255,-1.9607843136730284e-08,Moderate
6290855005,2016-05-10,0,0.0,0.0,0.0,0.0,0.0,0.0,0.0,0,0,0,1440,0,,,,,,,Low
6775888955,2016-04-12,0,0.0,0.0,0.0,0.0,0.0,0.0,0.0,0,0,0,1440,1841,1841.0399436950638,0.0,0.0,0.0,0.0,0.0,Low
6775888955,2016-04-13,4053,2.91000008583069,2.91000008583069,0.0,1.11000001430511,0.579999983310699,1.22000002861023,0.0,17,18,85,1053,2400,2400.767252445217,4053.0,172.0,0.11944441666666666,0.11944444444444445,-2.7777777780359458e-08,Low
6775888955,2016-04-14,5162,3.70000004768372,3.70000004768372,0.0,0.870000004768372,0.860000014305115,1.97000002861023,0.0,14,24,105,863,2507,2507.522001147266,5162.0,195.0,0.13541670833333333,0.13541666666666666,4.166666666266065e-08,Moderate
6775888955,2016-04-15,1282,0.920000016689301,0.920000016689301,0.0,0.0,0.0,0.920000016689301,0.0,0,0,58,976,2127,2127.935347795482,1282.0,58.0,0.04027783333333334,0.04027777777777778,5.555555555768315e-08,Low
6775888955,2016-04-16,4732,3.39000010490417,3.39000010490417,0.0,2.51999998092651,0.810000002384186,0.0599999986588955,0.0,36,18,9,1377,2225,2225.101344704624,4732.0,153.0,0.10625,0.10625,0.0,Low
6775888955,2016-04-17,2497,1.78999996185303,1.78999996185303,0.0,0.349999994039536,1.12999999523163,0.310000002384186,0.0,5,24,19,1392,2067,2067.2065953016236,2497.0,82.0,0.056944416666666664,0.05694444444444444,-2.7777777779347534e-08,Low
6775888955,2016-04-18,8294,5.94999980926514,5.94999980926514,0.0,2.0,0.769999980926514,3.17000007629395,0.0,30,31,146,1233,2798,2798.2529010772664,8294.0,298.0,0.2069445,0.20694444444444446,5.555555555334634e-08,Moderate
6775888955,2016-04-19,0,0.0,0.0,0.0,0.0,0.0,0.0,0.0,0,0,0,1440,1841,1841.0399436950638,0.0,0.0,0.0,0.0,0.0,Low
6775888955,2016-04-20,10771,7.71999979019165,7.71999979019165,0.0,3.76999998092651,1.74000000953674,2.22000002861023,0.0,70,113,178,1079,3727,3727.3388611078226,10771.0,614.0,0.4263889166666666,0.4263888888888889,2.7777777770095675e-08,High
6775888955,2016-04-21,0,0.0,0.0,0.0,0.0,0.0,0.0,0.0,0,0,0,1440,1841,1841.0399436950638,0.0,0.0,0.0,0.0,0.0,Low
6775888955,2016-04-22,637,0.46000000834465,0.46000000834465,0.0,0.0,0.0,0.46000000834465,0.0,0,0,20,1420,1922,1922.7360954284622,637.0,20.0,0.013888875,0.013888888888888888,-1.3888888888806405e-08,Low
6775888955,2016-04-23,0,0.0,0.0,0.0,0.0,0.0,0.0,0.0,0,0,0,1440,1841,1841.0399436950638,0.0,0.0,0.0,0.0,0.0,Low
6775888955,2016-04-24,2153,1.53999996185303,1.53999996185303,0.0,0.769999980926514,0.620000004768372,0.150000005960464,0.0,11,18,11,1400,2053,2053.2709429264023,2153.0,80.0,0.05555554166666667,0.05555555555555556,-1.388888889083025e-08,Low
6775888955,2016-04-25,6474,4.6399998664856,4.6399998664856,0.0,2.26999998092651,0.46000000834465,1.89999997615814,0.0,33,13,92,1302,2484,2482.463398694988,6463.0,217.0,0.15069441666666666,0.15069444444444444,-2.7777777783973463e-08,Moderate
6775888955,2016-04-26,7091,5.26999998092651,5.26999998092651,1.95959603786469,3.48000001907349,0.870000004768372,0.730000019073486,0.0,42,30,47,1321,2584,2584.743400335308,7091.0,233.0,0.16180562499999998,0.16180555555555556,6.944444443622577e-08,Moderate
6775888955,2016-04-27,0,0.0,0.0,0.0,0.0,0.0,0.0,0.0,0,0,0,1440,1841,1841.0399436950638,0.0,0.0,0.0,0.0,0.0,Low
6775888955,2016-04-28,703,0.5,0.5,0.0,0.0599999986588955,0.200000002980232,0.239999994635582,0.0,2,13,15,1410,1993,1993.053594589229,703.0,47.0,0.032638875,0.03263888888888889,-1.3888888888517284e-08,Low
6775888955,2016-04-29,0,0.0,0.0,0.0,0.0,0.0,0.0,0.0,0,0,0,1440,1841,1841.8070436716034,0.0,0.0,0.0,0.0,0.0,Low
6775888955,2016-04-30,2503,1.78999996185303,1.78999996185303,0.0,0.159999996423721,0.159999996423721,1.48000001907349,0.0,3,9,84,1344,2280,2280.3325524330094,2503.0,111.0,0.07708333333333334,0.07708333333333332,2.7466455036299444e-18,Low
6775888955,2016-05-01,2487,1.77999997138977,1.77999997138977,0.0,0.479999989271164,0.620000004768372,0.680000007152557,0.0,9,34,50,1347,2319,2319.5824986696202,2487.0,145.0,0.10069441666666668,0.10069444444444446,-2.7777777779347534e-08,Low
6775888955,2016-05-02,0,0.0,0.0,0.0,0.0,0.0,0.0,0.0,0,0,0,1440,1841,1841.1677937507584,0.0,0.0,0.0,0.0,0.0,Low
6775888955,2016-05-03,9,0.0099999997764825,0.0099999997764825,0.0,0.0,0.0,0.0099999997764825,0.0,0,0,1,1439,1843,1843.3412438631012,9.0,1.0,0.0006944583333333334,0.0006944444444444445,1.3888888888950965e-08,Low
6775888955,2016-05-04,0,0.0,0.0,0.0,0.0,0.0,0.0,0.0,0,0,0,1440,1841,1841.0399436950638,0.0,0.0,0.0,0.0,0.0,Low
6775888955,2016-05-05,0,0.0,0.0,0.0,0.0,0.0,0.0,0.0,0,0,0,1440,1841,1841.0399436950638,0.0,0.0,0.0,0.0,0.0,Low
6775888955,2016-05-06,4697,3.36999988555908,3.36999988555908,0.0,0.469999998807907,0.930000007152557,1.92999994754791,0.0,12,35,75,1318,2496,2496.271201252933,4642.0,181.0,0.12569445833333334,0.12569444444444444,1.388888888620432e-08,Low
6775888955,2016-05-07,1967,1.4099999666214,1.4099999666214,0.0,0.129999995231628,0.239999994635582,1.04999995231628,0.0,2,5,49,551,1032,1011.42133104801,1892.0,61.0,0.1016667,0.10166666666666666,3.333333333348232e-08,Low
6962181067,2016-04-12,10199,6.73999977111816,6.73999977111816,0.0,3.40000009536743,0.829999983310699,2.50999999046326,0.0,50,14,189,796,1994,1994.675991892815,10199.0,367.0,0.2548610416666667,0.2548611111111111,-6.944444444114083e-08,High
6962181067,2016-04-13,5652,3.74000000953674,3.74000000953674,0.0,0.569999992847443,1.21000003814697,1.96000003814697,0.0,8,24,142,548,1718,1718.3388642072675,5652.0,214.0,0.14861108333333334,0.1486111111111111,-2.7777777775878087e-08,Moderate
6962181067,2016-04-14,1551,1.02999997138977,1.02999997138977,0.0,0.0,0.0,1.02999997138977,0.0,0,0,86,862,1466,1466.3755413889883,1551.0,86.0,0.059722250000000004,0.059722222222222225,2.777777778151594e-08,Low
6962181067,2016-04-15,5563,3.6800000667572,3.6800000667572,0.0,0.0,0.0,3.6800000667572,0.0,0,0,217,837,1756,1756.5054181218147,5563.0,217.0,0.15069445833333334,0.15069444444444444,1.3888888889384646e-08,Moderate
6962181067,2016-04-16,13217,8.73999977111816,8.73999977111816,0.0,3.66000008583069,0.189999997615814,4.88000011444092,0.0,50,3,280,741,2173,2172.549444198608,13217.0,436.0,0.30277783333333336,0.30277777777777776,5.5555555553201776e-08,High
6962181067,2016-04-17,10145,6.71000003814697,6.71000003814697,0.0,0.330000013113022,0.680000007152557,5.69000005722046,0.0,5,13,295,634,2027,2027.7464158535004,10145.0,336.0,0.23333337499999998,0.23333333333333336,4.166666666280521e-08,High
6962181067,2016-04-18,11404,7.53999996185303,7.53999996185303,0.0,0.829999983310699,2.39000010490417,4.32000017166138,0.0,13,42,238,689,2039,2039.7538864612584,11404.0,361.0,0.2506945,0.25069444444444444,5.555555556042979e-08,High
6962181067,2016-04-19,10742,7.09999990463257,7.09999990463257,0.0,2.09999990463257,2.13000011444092,2.86999988555908,0.0,35,41,195,659,2046,2046.4811716079712,10742.0,382.0,0.26527775,0.2652777777777778,-2.7777777778769292e-08,High
6962181067,2016-04-20,13928,9.55000019073486,9.55000019073486,0.0,4.28000020980835,0.189999997615814,5.09000015258789,0.0,48,4,297,639,2174,2174.3492111563683,13928.0,449.0,0.3118055416666667,0.3118055555555556,-1.3888888898781065e-08,High
6962181067,2016-04-21,11835,9.71000003814697,7.88000011444092,4.08169221878052,3.99000000953674,2.09999990463257,3.50999999046326,0.109999999403954,53,27,214,708,2179,2179.596575021744,11835.0,427.0,0.29652779166666665,0.2965277777777778,1.388888887160373e-08,High
6962181067,2016-04-22,10725,7.09000015258789,7.09000015258789,0.0,1.76999998092651,1.54999995231628,3.76999998092651,0.0,30,33,240,659,2086,2086.9088150262833,10725.0,396.0,0.2749999583333333,0.275,-4.1666666669888663e-08,High
6962181067,2016-04-23,20031,13.2399997711182,13.2399997711182,0.0,4.19999980926514,2.0,7.03999996185303,0.0,58,41,347,484,2571,2571.4299151897426,20031.0,603.0,0.41874995833333334,0.41875,-4.166666665239687e-08,High
6962181067,2016-04-24,5029,3.3199999332428,3.3199999332428,0.0,0.0,0.0,3.3199999332428,0.0,0,0,199,720,1705,1705.6455199718473,5029.0,199.0,0.138194375,0.13819444444444445,-6.944444444547763e-08,Moderate
6962181067,2016-04-25,13239,9.27000045776367,9.07999992370605,2.78517508506775,3.01999998092651,1.67999994754791,4.46000003814697,0.100000001490116,35,31,282,637,2194,2194.3946829438205,13239.0,449.0,0.31180558333333336,0.31180555555555556,2.7777777773709683e-08,High
6962181067,2016-04-26,10433,6.90000009536743,6.90000009536743,0.0,2.57999992370605,0.419999986886978,3.90000009536743,0.0,36,7,254,680,2012,2016.7720388174057,10433.0,376.0,0.261111125,0.2611111111111111,1.3888888889240086e-08,High
6962181067,2016-04-27,10320,6.82000017166138,6.82000017166138,0.0,0.550000011920929,2.01999998092651,4.25,0.0,7,38,279,697,2034,2034.1147592663767,10320.0,376.0,0.261111125,0.2611111111111111,1.388888888562608e-08,High
6962181067,2016-04-28,12627,8.35000038146973,8.35000038146973,0.0,2.50999999046326,0.239999994635582,5.59000015258789,0.0,38,8,288,621,2182,2182.969885706902,12627.0,418.0,0.29027783333333335,0.2902777777777778,5.555555555537018e-08,High
6962181067,2016-04-29,10762,7.1100001335144,7.1100001335144,0.0,0.819999992847443,0.479999989271164,5.80999994277954,0.0,12,15,369,645,2254,2253.6392176151276,10762.0,435.0,0.3020832916666667,0.3020833333333333,-4.166666665832384e-08,High
6962181067,2016-04-30,10081,6.65999984741211,6.65999984741211,0.0,2.24000000953674,0.759999990463257,3.67000007629395,0.0,32,16,237,731,2002,2002.1572034955034,10081.0,365.0,0.25347233333333336,0.2534722222222222,1.1111111111594453e-07,High
6962181067,2016-05-01,5454,3.60999989509583,3.60999989509583,0.0,0.0,0.0,3.60999989509583,0.0,0,0,215,722,1740,1740.719839632511,5454.0,215.0,0.14930558333333332,0.14930555555555555,2.777777777732369e-08,Moderate
6962181067,2016-05-02,12912,8.53999996185303,8.53999996185303,0.0,1.20000004768372,2.0,5.34000015258789,0.0,18,39,313,655,2162,2162.128816485405,12912.0,445.0,0.30902783333333333,0.3090277777777778,5.555555555941787e-08,High
6962181067,2016-05-03,12109,8.11999988555908,8.11999988555908,0.0,1.74000000953674,2.03999996185303,4.32999992370605,0.0,21,36,267,654,2072,2071.970798552037,12109.0,402.0,0.27916658333333333,0.2791666666666667,-8.333333332430938e-08,High
6962181067,2016-05-04,10147,6.71000003814697,6.71000003814697,0.0,0.469999998807907,1.67999994754791,4.55000019073486,0.0,15,36,284,683,2086,2086.2423821687703,10147.0,401.0,0.2784722916666667,0.27847222222222223,6.944444444273098e-08,High
6962181067,2016-05-05,10524,6.96000003814697,6.96000003814697,0.0,0.990000009536743,1.1599999666214,4.80999994277954,0.0,14,22,305,591,2066,2066.521030187607,10524.0,391.0,0.27152787500000003,0.27152777777777776,9.722222221991011e-08,High
6962181067,2016-05-06,5908,3.91000008583069,3.91000008583069,0.0,0.0,0.0,3.91000008583069,0.0,0,0,299,717,1850,1850.5110179185865,5908.0,299.0,0.20763900000000002,0.2076388888888889,1.111111111211487e-07,Moderate
6962181067,2016-05-07,6815,4.5,4.5,0.0,0.0,0.0,4.5,0.0,0,0,328,745,1947,1947.0215359926226,6815.0,328.0,0.22777775,0.22777777777777777,-2.7777777782527862e-08,Moderate
6962181067,2016-05-08,4188,2.76999998092651,2.76999998092651,0.0,0.0,0.519999980926514,2.25,0.0,0,14,151,709,1659,1659.6049169898035,4188.0,179.0,0.12430562499999999,0.12430555555555556,6.944444444489939e-08,Low
6962181067,2016-05-09,12342,8.72000026702881,8.68000030517578,3.16782188415527,3.90000009536743,1.17999994754791,3.65000009536743,0.0,43,21,231,607,2105,2105.3212814927106,12342.0,402.0,0.279166625,0.2791666666666667,-4.166666665442071e-08,High
6962181067,2016-05-10,15448,10.210000038147,10.210000038147,0.0,3.47000002861023,1.75,4.98999977111816,0.0,62,34,275,626,2361,2361.307481646538,15448.0,529.0,0.367361125,0.3673611111111111,1.3888888877964384e-08,High
6962181067,2016-05-11,6722,4.44000005722046,4.44000005722046,0.0,1.49000000953674,0.310000002384186,2.65000009536743,0.0,24,7,199,709,1855,1855.5822637081144,6722.0,285.0,0.19791662499999998,0.19791666666666666,-4.166666666627466e-08,Moderate
6962181067,2016-05-12,3587,2.36999988555908,2.36999988555908,0.0,0.0,0.25,2.10999989509583,0.0,0,8,105,127,928,927.0259619951248,3569.0,121.0,0.1680555,0.16805555555555554,-5.555555555464738e-08,Low
7007744171,2016-04-12,14172,10.289999961853,9.47999954223633,4.8697829246521,4.5,0.379999995231628,5.40999984741211,0.0,53,8,355,1024,2937,2937.7285248041135,14172.0,530.0,0.36805554166666665,0.3680555555555556,-1.3888888883891356e-08,High
7007744171,2016-04-13,12862,9.64999961853027,8.60000038146973,4.8513069152832,4.6100001335144,0.560000002384186,4.48000001907349,0.0,56,22,261,1101,2742,2742.896278858183,12862.0,473.0,0.32847220833333335,0.3284722222222222,-1.3888888884614157e-08,High
7007744171,2016-04-14,11179,8.23999977111816,7.48000001907349,3.28541493415833,2.95000004768372,0.340000003576279,4.96000003814697,0.0,34,6,304,1096,2668,2668.617841362951,11179.0,418.0,0.2902777916666667,0.2902777777777778,1.3888888893432335e-08,High
7007744171,2016-04-15,5273,3.52999997138977,3.52999997138977,0.0,0.0,0.0,3.52999997138977,0.0,0,0,202,1238,2098,2098.5010783672305,5273.0,202.0,0.14027783333333335,0.14027777777777778,5.555555555768315e-08,Moderate
7007744171,2016-04-16,4631,3.09999990463257,3.09999990463257,0.0,0.0,0.0,3.09999990463257,0.0,0,0,203,1155,2076,2076.2283560037586,4631.0,203.0,0.14097216666666668,0.14097222222222222,-5.555555555667122e-08,Low
7007744171,2016-04-17,8059,5.3899998664856,5.3899998664856,0.0,0.0,0.0,5.3899998664856,0.0,0,0,305,1135,2383,2383.505397796628,8059.0,305.0,0.211805625,0.21180555555555555,6.944444444605587e-08,Moderate
7007744171,2016-04-18,14816,10.9799995422363,9.90999984741211,4.93055009841919,3.78999996185303,2.11999988555908,5.05000019073486,0.0199999995529652,48,31,284,1077,2832,2832.419644236563,14816.0,490.0,0.34027783333333333,0.34027777777777773,5.555555556057435e-08,High
7007744171,2016-04-19,14194,10.4799995422363,9.5,4.94214200973511,4.40999984741211,0.759999990463257,5.30999994277954,0.0,53,17,304,1066,2812,2811.011882543562,14194.0,497.0,0.345138875,0.3451388888888889,-1.3888888885336959e-08,High
7007744171,2016-04-20,15566,11.3100004196167,10.4099998474121,4.92484092712402,4.78999996185303,0.670000016689301,5.8600001335144,0.0,60,33,347,1000,3096,3096.2324367761594,15566.0,593.0,0.4118054583333333,0.41180555555555554,-9.722222223060757e-08,High
7007744171,2016-04-21,13744,9.1899995803833,9.1899995803833,0.0,2.15000009536743,1.87000000476837,5.17000007629395,0.0,30,34,327,1049,2763,2763.5471962690335,13744.0,485.0,0.33680550000000004,0.3368055555555556,-5.555555556100803e-08,High
7007744171,2016-04-22,15299,10.2399997711182,10.2399997711182,0.0,4.09999990463257,1.75999999046326,4.36999988555908,0.0,64,50,261,1065,2889,2889.50699841976,15299.0,553.0,0.3840277916666666,0.3840277777777778,1.3888888891986731e-08,High
7007744171,2016-04-23,8093,5.40999984741211,5.40999984741211,0.0,0.129999995231628,1.12999999523163,4.15000009536743,0.0,2,25,223,1190,2284,2284.5755964517566,8093.0,279.0,0.19375,0.19375,-4.625929269271485e-18,Moderate
7007744171,2016-04-24,11085,7.42000007629395,7.42000007629395,0.0,0.0,0.0,7.42000007629395,0.0,0,0,419,1021,2667,2667.104158878324,11085.0,419.0,0.2909722083333333,0.29097222222222224,-1.3888888895456178e-08,High
7007744171,2016-04-25,18229,13.3400001525879,12.1999998092651,4.86179208755493,4.30999994277954,1.37000000476837,7.67000007629395,0.0,51,24,379,986,3055,3055.4711898565274,18229.0,580.0,0.40277775,0.40277777777777773,-2.7777777769517436e-08,High
7007744171,2016-04-26,15090,10.1000003814697,10.1000003814697,0.0,0.930000007152557,0.939999997615814,8.22999954223633,0.0,16,22,424,978,2939,2939.6746718883496,15090.0,516.0,0.35833329166666666,0.35833333333333334,-4.1666666664106254e-08,High
7007744171,2016-04-27,13541,10.2200002670288,9.0600004196167,4.88560485839844,4.26999998092651,0.660000026226044,5.28999996185303,0.0,50,12,337,1041,2830,2830.4734768867474,13541.0,511.0,0.3548610833333334,0.35486111111111107,-2.7777777775878087e-08,High
7007744171,2016-04-28,15128,10.1199998855591,10.1199998855591,0.0,1.0900000333786,0.769999980926514,8.26000022888184,0.0,16,16,401,1007,2836,2836.636315464971,15128.0,481.0,0.3340277916666667,0.33402777777777776,1.3888888889384646e-08,High
7007744171,2016-04-29,20067,14.3000001907349,13.4200000762939,4.91114616394043,4.30999994277954,2.04999995231628,7.94999980926514,0.0,55,42,382,961,3180,3180.8903975486737,20067.0,631.0,0.43819441666666664,0.4381944444444444,-2.777777778281698e-08,High
7007744171,2016-04-30,3761,2.51999998092651,2.51999998092651,0.0,0.0,0.0,2.51999998092651,0.0,0,0,200,1240,2051,2051.252637743947,3761.0,200.0,0.13888883333333332,0.1388888888888889,-5.555555555580386e-08,Low
7007744171,2016-05-01,5600,3.75,3.75,0.0,0.0,0.0,3.75,0.0,0,0,237,1142,2225,2225.7583177089664,5600.0,237.0,0.16458333333333333,0.16458333333333333,-2.023844055306275e-18,Moderate
7007744171,2016-05-02,13041,9.18000030517578,8.72000026702881,2.83232593536377,4.6399998664856,0.699999988079071,3.82999992370605,0.0,64,14,250,1112,2642,2642.020316958425,13041.0,470.0,0.32638883333333335,0.3263888888888889,-5.555555555161162e-08,High
7007744171,2016-05-03,14510,10.8699998855591,9.71000003814697,4.91236782073975,4.48000001907349,1.01999998092651,5.3600001335144,0.0,58,31,330,1021,2976,2976.3273611068707,14510.0,566.0,0.39305558333333335,0.39305555555555555,2.7777777783395224e-08,High
7007744171,2016-05-04,0,0.0,0.0,0.0,0.0,0.0,0.0,0.0,0,0,0,1440,1557,1557.4686050415005,0.0,0.0,0.0,0.0,0.0,Low
7007744171,2016-05-05,15010,11.1000003814697,10.039999961853,4.8782320022583,4.32999992370605,1.28999996185303,5.48000001907349,0.0,53,23,317,1047,2933,2933.6199597120267,15010.0,522.0,0.36249991666666664,0.3625,-8.333333334902919e-08,High
7007744171,2016-05-06,11459,7.67000007629395,7.67000007629395,0.0,3.0,0.810000002384186,3.85999989509583,0.0,44,13,247,1136,2553,2553.6862783431984,11459.0,405.0,0.2812500416666667,0.28125,4.166666667003322e-08,High
7007744171,2016-05-07,0,0.0,0.0,0.0,0.0,0.0,0.0,0.0,0,0,0,111,120,64.8720002174376,0.0,0.0,0.0,0.0,0.0,Low
7086361926,2016-04-12,11317,8.40999984741211,8.40999984741211,0.0,5.26999998092651,0.150000005960464,2.97000002861023,0.0,59,6,153,745,2772,2772.212345123289,11309.0,342.0,0.23749995833333334,0.23750000000000002,-4.166666666714202e-08,High
7086361926,2016-04-13,5813,3.61999988555908,3.61999988555908,0.0,0.560000002384186,0.209999993443489,2.83999991416931,0.0,31,26,155,744,2516,2516.334981203077,5813.0,300.0,0.20833337500000002,0.20833333333333334,4.1666666652252306e-08,Moderate
7086361926,2016-04-14,9123,6.11999988555908,6.11999988555908,0.0,2.02999997138977,0.330000013113022,3.66000008583069,0.0,35,32,189,787,2734,2727.397020816801,8998.0,358.0,0.2486112083333333,0.24861111111111112,9.722222221701891e-08,Moderate
7086361926,2016-04-15,8585,5.67000007629395,5.67000007629395,0.0,2.03999996185303,1.11000001430511,2.52999997138977,0.0,30,21,139,864,2395,2395.356242537496,8585.0,271.0,0.18819445833333334,0.18819444444444444,1.3888888889818327e-08,Moderate
7086361926,2016-04-16,31,0.0099999997764825,0.0099999997764825,0.0,0.0,0.0,0.0099999997764825,0.0,0,0,3,1437,1635,1635.1933856010407,31.0,3.0,0.0020833333333333333,0.0020833333333333333,0.0,Low
7086361926,2016-04-17,0,0.0,0.0,0.0,0.0,0.0,0.0,0.0,0,0,0,1440,1629,1629.6480560302705,0.0,0.0,0.0,0.0,0.0,Low
7086361926,2016-04-18,9827,6.71000003814697,6.71000003814697,0.0,3.17000007629395,1.22000002861023,2.30999994277954,0.0,61,51,114,1136,2743,2743.693508267401,9827.0,399.0,0.27708333333333335,0.27708333333333335,7.228014483236697e-19,Moderate
7086361926,2016-04-19,10688,7.28999996185303,7.28999996185303,0.0,3.52999997138977,1.23000001907349,2.50999999046326,0.0,67,69,124,671,2944,2944.34391248226,10688.0,463.0,0.32152775,0.3215277777777778,-2.7777777764168704e-08,High
7086361926,2016-04-20,14365,10.6400003433228,10.6400003433228,0.0,7.6399998664856,0.449999988079071,2.53999996185303,0.0,87,13,145,797,2997,2996.854787468909,14365.0,432.0,0.30000004166666666,0.3,4.166666666714202e-08,High
7086361926,2016-04-21,9469,6.17999982833862,6.17999982833862,0.0,1.36000001430511,0.300000011920929,4.51000022888184,0.0,19,6,206,758,2463,2463.5977592468244,9469.0,275.0,0.19097224999999998,0.1909722222222222,2.7777777781805058e-08,Moderate
7086361926,2016-04-22,9753,6.53000020980835,6.53000020980835,0.0,2.86999988555908,0.970000028610229,2.67000007629395,0.0,58,59,153,762,2846,2843.8489601612073,9733.0,445.0,0.30902779166666666,0.3090277777777778,1.3888888894733378e-08,Moderate
7086361926,2016-04-23,2817,1.80999994277954,1.80999994277954,0.0,0.0,0.0,1.79999995231628,0.0,0,0,90,1350,1965,1963.612696766851,2811.0,90.0,0.062499958333333334,0.0625,-4.1666666664106254e-08,Low
7086361926,2016-04-24,3520,2.16000008583069,2.16000008583069,0.0,0.0,0.0,2.15000009536743,0.0,0,0,125,566,2049,2049.169222831724,3520.0,125.0,0.086805625,0.08680555555555557,6.944444444287555e-08,Low
7086361926,2016-04-25,10091,6.82000017166138,6.82000017166138,0.0,3.75,0.699999988079071,2.36999988555908,0.0,69,39,129,706,2752,2752.2944366931893,10091.0,414.0,0.28750004166666665,0.2875,4.166666667624932e-08,High
7086361926,2016-04-26,10387,7.07000017166138,7.07000017166138,0.0,4.15999984741211,0.769999980926514,2.11999988555908,0.0,70,33,132,726,2781,2780.0210781097394,10378.0,408.0,0.28333345833333334,0.2833333333333333,1.2500000000691935e-07,High
7086361926,2016-04-27,11107,8.34000015258789,8.34000015258789,0.0,5.63000011444092,0.180000007152557,2.52999997138977,0.0,55,6,145,829,2693,2692.993340969084,11107.0,322.0,0.22361112500000002,0.2236111111111111,1.3888888890685689e-08,High
7086361926,2016-04-28,11584,7.80000019073486,7.80000019073486,0.0,2.78999996185303,1.63999998569489,3.35999989509583,0.0,54,48,161,810,2862,2860.258597970007,11575.0,419.0,0.29097216666666664,0.29097222222222224,-5.555555555479194e-08,High
7086361926,2016-04-29,7881,4.94999980926514,4.94999980926514,0.0,0.490000009536743,0.449999988079071,4.0,0.0,24,36,182,1198,2616,2614.4533594846707,7881.0,326.0,0.2263889166666667,0.2263888888888889,2.777777778151594e-08,Moderate
7086361926,2016-04-30,14560,9.40999984741211,9.40999984741211,0.0,3.11999988555908,1.03999996185303,5.23999977111816,0.0,42,17,308,584,2995,2995.836251378058,14560.0,468.0,0.32499991666666667,0.325,-8.33333333380426e-08,High
7086361926,2016-05-01,12390,8.06999969482422,8.06999969482422,0.0,2.29999995231628,0.899999976158142,4.84999990463257,0.0,30,15,258,685,2730,2729.4340866804105,12375.0,378.0,0.2625000416666667,0.2625,4.16666666682985e-08,High
7086361926,2016-05-02,10052,6.80999994277954,6.80999994277954,0.0,3.48000001907349,0.660000026226044,2.66000008583069,0.0,66,26,139,737,2754,2754.218318104742,10052.0,389.0,0.27013883333333333,0.2701388888888889,-5.5555555551322494e-08,High
7086361926,2016-05-03,10288,6.76000022888184,6.76000022888184,0.0,2.74000000953674,0.850000023841858,3.16000008583069,0.0,57,36,152,761,2754,2753.99197912216,10288.0,395.0,0.2743055833333333,0.2743055555555555,2.777777777761281e-08,High
7086361926,2016-05-04,10988,8.3100004196167,8.3100004196167,0.0,5.28000020980835,0.119999997317791,2.90000009536743,0.0,45,12,135,843,2655,2655.194566965101,10988.0,294.0,0.2041666666666667,0.2041666666666667,5.204170427930421e-18,High
7086361926,2016-05-05,8564,5.59999990463257,5.59999990463257,0.0,1.77999997138977,0.829999983310699,2.95000004768372,0.0,24,14,149,1253,2386,2379.399271607397,8525.0,249.0,0.17291674999999998,0.1729166666666667,8.333333333500684e-08,Moderate
7086361926,2016-05-06,12461,8.38000011444092,8.38000011444092,0.0,3.8199999332428,1.42999994754791,3.11999988555908,0.0,84,35,154,834,2924,2923.633807539938,12461.0,476.0,0.3305555833333333,0.33055555555555555,2.7777777780648577e-08,High
7086361926,2016-05-07,12827,8.47999954223633,8.47999954223633,0.0,1.46000003814697,2.32999992370605,4.67999982833862,0.0,20,42,209,621,2739,2739.5062123537045,12827.0,353.0,0.24513891666666665,0.24513888888888888,2.777777778281698e-08,High
7086361926,2016-05-08,10677,7.09999990463257,7.09999990463257,0.0,2.30999994277954,1.52999997138977,3.25,0.0,32,27,147,695,2534,2534.329000115393,10677.0,297.0,0.20624991666666667,0.20625000000000002,-8.333333332402025e-08,High
7086361926,2016-05-09,13566,9.10999965667725,9.10999965667725,0.0,4.26000022888184,1.71000003814697,3.11999988555908,0.0,67,50,171,743,2960,2958.9428514242154,13558.0,472.0,0.32777775,0.3277777777777778,-2.7777777778624734e-08,High
7086361926,2016-05-10,14433,10.789999961853,10.789999961853,0.0,7.1100001335144,1.20000004768372,2.45000004768372,0.0,72,23,106,1182,2800,2795.299026250837,14407.0,368.0,0.255555625,0.2555555555555556,6.9444444449959e-08,High
7086361926,2016-05-11,9572,6.51999998092651,6.51999998092651,0.0,2.89000010490417,1.38999998569489,2.23000001907349,0.0,57,40,128,757,2735,2735.3189296722394,9572.0,379.0,0.26319441666666665,0.26319444444444445,-2.7777777769661994e-08,Moderate
7086361926,2016-05-12,3789,2.55999994277954,2.55999994277954,0.0,0.379999995231628,0.270000010728836,1.88999998569489,0.0,5,4,58,343,1199,994.9906607866274,1032.0,32.0,0.041025692307692305,0.041025641025641026,5.1282051283348014e-08,Low
8053475328,2016-04-12,18060,14.1199998855591,14.1199998855591,0.0,11.6400003433228,0.389999985694885,2.09999990463257,0.0,116,8,123,1193,3186,3186.2156773805573,18060.0,487.0,0.33819445833333334,0.33819444444444446,1.3888888890685689e-08,High
8053475328,2016-04-13,16433,13.3500003814697,13.3500003814697,0.0,10.4300003051758,0.469999998807907,2.45000004768372,0.0,95,12,156,1177,3140,3140.920963525767,16433.0,465.0,0.32291675000000003,0.3229166666666667,8.333333333645244e-08,High
8053475328,2016-04-14,20159,15.9700002670288,15.9700002670288,0.0,12.3400001525879,0.209999993443489,3.35999989509583,0.0,119,5,193,1123,3411,3407.6971257924984,20089.0,560.0,0.38888887499999997,0.3888888888888889,-1.3888888894155136e-08,High
8053475328,2016-04-15,20669,16.2399997711182,16.2399997711182,0.0,13.2600002288818,0.389999985694885,2.58999991416931,0.0,132,8,158,1142,3410,3410.8628830909684,20669.0,570.0,0.3958333333333333,0.3958333333333333,5.493291007259889e-18,High
8053475328,2016-04-16,14549,11.1099996566772,11.1099996566772,0.0,9.35999965667725,0.270000010728836,1.49000000953674,0.0,96,6,83,1255,2867,2867.9350315332367,14549.0,383.0,0.2659722083333333,0.2659722222222222,-1.3888888885192399e-08,High
8053475328,2016-04-17,18827,13.6899995803833,13.6899995803833,0.0,9.23999977111816,0.800000011920929,3.64000010490417,0.0,111,21,195,1113,3213,3213.0028866529424,18827.0,570.0,0.3958333333333333,0.3958333333333333,2.8912057932946783e-19,High
8053475328,2016-04-18,17076,12.6599998474121,12.6599998474121,0.0,9.07999992370605,0.230000004172325,3.34999990463257,0.0,102,6,195,1137,3133,3133.3718420267064,17076.0,513.0,0.35624995833333334,0.35625,-4.1666666674948276e-08,High
8053475328,2016-04-19,15929,12.4799995422363,12.4799995422363,0.0,9.22000026702881,0.310000002384186,2.95000004768372,0.0,90,7,191,1152,3114,3114.620800495143,15929.0,475.0,0.32986116666666665,0.3298611111111111,5.555555555855051e-08,High
8053475328,2016-04-20,15108,12.1899995803833,12.1899995803833,0.0,9.57999992370605,0.230000004172325,2.38000011444092,0.0,89,5,158,695,3043,3043.5129646062805,15108.0,435.0,0.30208324999999997,0.3020833333333333,-8.333333333067003e-08,High
8053475328,2016-04-21,16057,12.5100002288818,12.5100002288818,0.0,9.67000007629395,0.25,2.57999992370605,0.0,100,6,170,1164,3103,3101.105450272556,16049.0,482.0,0.3347222916666666,0.3347222222222222,6.944444445241653e-08,High
8053475328,2016-04-22,10520,8.28999996185303,8.28999996185303,0.0,6.26000022888184,0.150000005960464,1.87999999523163,0.0,60,3,117,1260,2655,2655.3420777320816,10520.0,303.0,0.210416625,0.21041666666666667,-4.1666666671767945e-08,High
8053475328,2016-04-23,22359,17.1900005340576,17.1900005340576,0.0,12.539999961853,0.629999995231628,4.01999998092651,0.0,125,14,223,741,3554,3554.9049565792043,22359.0,626.0,0.43472225000000003,0.43472222222222223,2.777777777703457e-08,High
8053475328,2016-04-24,22988,17.9500007629395,17.9500007629395,0.0,13.1300001144409,1.54999995231628,3.25999999046326,0.0,129,33,182,1096,3577,3577.187044739719,22988.0,635.0,0.44097216666666667,0.44097222222222227,-5.555555555782771e-08,High
8053475328,2016-04-25,20500,15.6899995803833,15.6899995803833,0.0,11.3699998855591,0.46000000834465,3.85999989509583,0.0,118,9,209,1104,3403,3403.679040670391,20500.0,581.0,0.40347225000000003,0.40347222222222223,2.777777778267242e-08,High
8053475328,2016-04-26,12685,9.61999988555908,9.61999988555908,0.0,6.30999994277954,0.200000002980232,3.09999990463257,0.0,68,5,185,1182,2846,2845.044166207309,12685.0,399.0,0.277083375,0.27708333333333335,4.166666666772026e-08,High
8053475328,2016-04-27,12422,9.81999969482422,9.81999969482422,0.0,6.46000003814697,0.430000007152557,2.9300000667572,0.0,60,10,183,1187,2852,2852.593277096744,12422.0,383.0,0.2659722083333333,0.2659722222222222,-1.3888888880711029e-08,High
8053475328,2016-04-28,15447,12.3999996185303,12.3999996185303,0.0,9.67000007629395,0.389999985694885,2.34999990463257,0.0,90,9,153,1188,3062,3062.2639976739833,15447.0,441.0,0.30624995833333335,0.30624999999999997,-4.1666666664539935e-08,High
8053475328,2016-04-29,12315,9.64999961853027,9.64999961853027,0.0,6.17000007629395,0.310000002384186,3.17000007629395,0.0,58,8,159,1215,2794,2794.757277965541,12315.0,349.0,0.24236112499999998,0.2423611111111111,1.3888888887360803e-08,High
8053475328,2016-04-30,7135,5.59000015258789,5.59000015258789,0.0,2.99000000953674,0.0599999986588955,2.53999996185303,0.0,27,1,131,1281,2408,2408.899832963939,7135.0,214.0,0.1486110833333333,0.1486111111111111,-2.7777777773854245e-08,Moderate
8053475328,2016-05-01,1170,0.850000023841858,0.850000023841858,0.0,0.0,0.0,0.850000023841858,0.0,0,0,51,1389,1886,1886.0623871087978,1170.0,51.0,0.035416666666666666,0.035416666666666666,0.0,Low
8053475328,2016-05-02,1969,1.42999994754791,1.42999994754791,0.0,0.0,0.0,1.42999994754791,0.0,0,0,95,1345,1988,1988.3315775394406,1969.0,95.0,0.06597225,0.06597222222222222,2.7777777780504016e-08,Low
8053475328,2016-05-03,15484,11.8999996185303,11.8999996185303,0.0,8.39000034332275,0.930000007152557,2.58999991416931,0.0,87,22,165,1166,3023,3023.473251700398,15484.0,470.0,0.32638891666666664,0.3263888888888889,2.777777778281698e-08,High
8053475328,2016-05-04,14581,11.1499996185303,11.1499996185303,0.0,8.81999969482422,0.400000005960464,1.9099999666214,0.0,89,8,123,1220,2918,2916.7538523673975,14563.0,406.0,0.2819444583333333,0.28194444444444444,1.3888888888950965e-08,High
8053475328,2016-05-05,14990,11.5100002288818,11.5100002288818,0.0,8.85000038146973,0.449999988079071,2.21000003814697,0.0,93,9,130,1208,2950,2950.1416046619383,14990.0,427.0,0.29652770833333336,0.2965277777777778,-6.944444444316467e-08,High
8053475328,2016-05-06,13953,11.0,11.0,0.0,9.10000038146973,0.689999997615814,1.21000003814697,0.0,90,15,90,1245,2859,2859.2055181264845,13953.0,390.0,0.27083329166666664,0.2708333333333333,-4.166666666294977e-08,High
8053475328,2016-05-07,19769,15.6700000762939,15.6700000762939,0.0,12.4399995803833,0.879999995231628,2.34999990463257,0.0,121,20,148,1076,3331,3331.369003295895,19769.0,551.0,0.3826388333333333,0.3826388888888889,-5.5555555560718915e-08,High
8053475328,2016-05-08,22026,17.6499996185303,17.6499996185303,0.0,13.3999996185303,0.589999973773956,3.66000008583069,0.0,125,14,228,1073,3589,3589.486673593518,22026.0,631.0,0.4381944583333333,0.4381944444444444,1.3888888889095527e-08,High
8053475328,2016-05-09,12465,9.38000011444092,9.38000011444092,0.0,6.11999988555908,0.569999992847443,2.69000005722046,0.0,66,12,148,1214,2765,2765.2341784238783,12465.0,370.0,0.25694445833333335,0.2569444444444445,1.388888888605976e-08,High
8053475328,2016-05-10,14810,11.3599996566772,11.3599996566772,0.0,9.09000015258789,0.419999986886978,1.85000002384186,0.0,96,10,115,1219,2926,2926.1024235486952,14810.0,423.0,0.29375,0.29375,1.3010426069826053e-18,High
8053475328,2016-05-11,12209,9.39999961853027,9.39999961853027,0.0,6.07999992370605,0.280000001192093,3.03999996185303,0.0,60,7,184,1189,2809,2808.941777706143,12209.0,378.0,0.2625000416666667,0.2625,4.166666665384247e-08,High
8053475328,2016-05-12,4998,3.91000008583069,3.91000008583069,0.0,2.95000004768372,0.200000002980232,0.759999990463257,0.0,28,4,39,839,1505,1485.2085337638835,4895.0,130.0,0.14444439999999997,0.14444444444444443,-4.4444444447418645e-08,Low
8253242879,2016-04-12,9033,7.15999984741211,7.15999984741211,0.0,5.42999982833862,0.140000000596046,1.5900000333786,0.0,40,2,154,1244,2044,2044.2668011188514,9033.0,278.0,0.19305550000000002,0.19305555555555556,-5.555555555464738e-08,Moderate
8253242879,2016-04-13,8053,6.09999990463257,6.09999990463257,0.0,4.17000007629395,0.629999995231628,1.30999994277954,0.0,35,11,96,1298,1935,1935.1136665344245,8053.0,223.0,0.15486108333333334,0.1548611111111111,-2.7777777775733526e-08,Moderate
8253242879,2016-04-14,5234,3.46000003814697,3.46000003814697,0.0,1.92999994754791,0.990000009536743,0.540000021457672,0.0,29,16,33,1362,1705,1705.6045646667487,5234.0,152.0,0.10555554166666666,0.10555555555555556,-1.3888888886493441e-08,Moderate
8253242879,2016-04-15,2672,1.76999998092651,1.76999998092651,0.0,0.0,0.0,1.75999999046326,0.0,0,0,105,1335,1632,1632.0426852703101,2672.0,105.0,0.07291666666666667,0.07291666666666667,4.336808689942018e-18,Low
8253242879,2016-04-16,9256,6.1399998664856,6.1399998664856,0.0,0.430000007152557,3.26999998092651,2.45000004768372,0.0,6,51,115,1268,1880,1880.983223199845,9256.0,235.0,0.16319441666666668,0.16319444444444445,-2.777777777833561e-08,Moderate
8253242879,2016-04-17,10204,7.90999984741211,7.90999984741211,0.0,5.42999982833862,0.150000005960464,2.32999992370605,0.0,41,5,157,1237,2112,2112.0785622596745,10204.0,290.0,0.20138883333333332,0.20138888888888887,-5.55555555549365e-08,High
8253242879,2016-04-18,5151,3.48000001907349,3.48000001907349,0.0,1.03999996185303,0.629999995231628,1.79999995231628,0.0,16,16,130,1278,1829,1829.0338659286504,5151.0,210.0,0.14583337500000002,0.14583333333333334,4.1666666670322344e-08,Moderate
8253242879,2016-04-19,4212,2.77999997138977,2.77999997138977,0.0,0.0,0.0,2.77999997138977,0.0,0,0,164,1276,1763,1763.5023231506354,4212.0,164.0,0.11388891666666667,0.11388888888888889,2.7777777779781215e-08,Low
8253242879,2016-04-20,6466,4.26999998092651,4.26999998092651,0.0,0.330000013113022,0.819999992847443,3.10999989509583,0.0099999997764825,5,18,216,1201,1931,1931.4454815387733,6466.0,267.0,0.18541670833333335,0.18541666666666667,4.166666666728658e-08,Moderate
8253242879,2016-04-21,11268,8.5600004196167,8.5600004196167,0.0,5.88000011444092,0.930000007152557,1.75,0.0,49,20,172,1199,2218,2218.1583600044255,11268.0,359.0,0.24930558333333333,0.24930555555555556,2.7777777775010726e-08,High
8253242879,2016-04-22,2824,1.87000000476837,1.87000000476837,0.0,0.0,0.0,1.87000000476837,0.0,0,0,120,1320,1651,1651.077564001084,2824.0,120.0,0.08333329166666667,0.08333333333333333,-4.1666666664973616e-08,Low
8253242879,2016-04-23,9282,6.26000022888184,6.26000022888184,0.0,2.08999991416931,1.03999996185303,3.13000011444092,0.0,30,26,191,1193,2132,2132.600543975831,9282.0,333.0,0.23124999999999998,0.23124999999999998,1.734723475976807e-18,Moderate
8253242879,2016-04-24,8905,7.13000011444092,7.13000011444092,0.0,5.59999990463257,0.189999997615814,1.3400000333786,0.0,41,4,82,1313,1976,1976.2567665576942,8905.0,213.0,0.14791666666666667,0.14791666666666667,-2.8912057932946783e-19,Moderate
8253242879,2016-04-25,6829,4.51000022888184,4.51000022888184,0.0,0.360000014305115,2.39000010490417,1.76999998092651,0.0,7,54,118,1261,1909,1909.039842367173,6829.0,247.0,0.17152783333333332,0.17152777777777775,5.5555555561730835e-08,Moderate
8253242879,2016-04-26,4562,3.03999996185303,3.03999996185303,0.0,1.17999994754791,0.490000009536743,1.37000000476837,0.0,19,14,108,1299,1813,1813.3697447776801,4562.0,193.0,0.13402779166666667,0.13402777777777777,1.3888888891842172e-08,Low
8253242879,2016-04-27,10232,8.18000030517578,8.18000030517578,0.0,6.23999977111816,0.230000004172325,1.70000004768372,0.0,45,5,104,1286,2008,2008.2789802551276,10232.0,249.0,0.1729167083333333,0.1729166666666667,4.166666666381713e-08,High
8253242879,2016-04-28,2718,1.79999995231628,1.79999995231628,0.0,0.670000016689301,0.779999971389771,0.340000003576279,0.0,11,16,20,1393,1580,1580.2916042804725,2718.0,85.0,0.05902779166666667,0.05902777777777778,1.3888888889095527e-08,Low
8253242879,2016-04-29,6260,4.26000022888184,4.26000022888184,0.0,1.28999996185303,0.540000021457672,2.40000009536743,0.0,16,14,136,1257,1854,1786.9985039234168,5937.0,202.0,0.14637678260869566,0.1463768115942029,-2.89855072469589e-08,Moderate
8253242879,2016-04-30,0,0.0,0.0,0.0,0.0,0.0,0.0,0.0,0,0,0,1440,0,,,,,,,Low
8378563200,2016-04-12,7626,6.05000019073486,6.05000019073486,2.25308108329773,0.829999983310699,0.709999978542328,4.5,0.0,65,15,156,723,3635,3635.4700870513902,7626.0,381.0,0.264583375,0.26458333333333334,4.16666666682985e-08,Moderate
8378563200,2016-04-13,12386,9.81999969482422,9.81999969482422,2.0921471118927,4.96000003814697,0.649999976158142,4.21000003814697,0.0,116,14,169,680,4079,4079.6137861013394,12386.0,545.0,0.37847216666666667,0.37847222222222227,-5.555555554568464e-08,High
8378563200,2016-04-14,13318,10.5600004196167,10.5600004196167,2.25308108329773,5.61999988555908,1.02999997138977,3.91000008583069,0.0,123,21,174,699,4163,4163.397488832471,13318.0,585.0,0.40625,0.40625,2.8912057932946783e-19,High
8378563200,2016-04-15,14461,11.4700002670288,11.4700002670288,0.0,4.90999984741211,1.14999997615814,5.40999984741211,0.0,60,23,190,729,3666,3655.8522144556055,14461.0,416.0,0.28888891666666666,0.2888888888888889,2.7777777791056918e-08,High
8378563200,2016-04-16,11207,8.89000034332275,8.89000034332275,0.0,5.36999988555908,1.07000005245209,2.44000005722046,0.0,64,21,142,563,3363,3363.059708952905,11196.0,376.0,0.261111125,0.2611111111111111,1.3888888883023994e-08,High
8378563200,2016-04-17,2132,1.69000005722046,1.69000005722046,0.0,0.0,0.0,1.69000005722046,0.0,0,0,93,599,2572,2572.0695079565066,2132.0,93.0,0.06458325,0.06458333333333334,-8.333333333081459e-08,Low
8378563200,2016-04-18,13630,10.8100004196167,10.8100004196167,2.0921471118927,5.05000019073486,0.560000002384186,5.19999980926514,0.0,117,10,174,720,4157,4157.9920941591245,13630.0,545.0,0.3784722916666667,0.37847222222222215,6.944444445718702e-08,High
8378563200,2016-04-19,13070,10.3599996566772,10.3599996566772,2.25308108329773,5.30000019073486,0.879999995231628,4.17999982833862,0.0,120,19,154,737,4092,4092.226397275923,13070.0,552.0,0.38333325,0.3833333333333333,-8.333333333240475e-08,High
8378563200,2016-04-20,9388,7.44000005722046,7.44000005722046,2.0921471118927,2.23000001907349,0.439999997615814,4.78000020980835,0.0,82,8,169,763,3787,3787.1215865612016,9388.0,431.0,0.29930558333333335,0.29930555555555555,2.7777777783395224e-08,Moderate
8378563200,2016-04-21,15148,12.0100002288818,12.0100002288818,2.25308108329773,6.90000009536743,0.819999992847443,4.28999996185303,0.0,137,16,145,677,4236,4236.070090174672,15148.0,588.0,0.408333375,0.4083333333333334,4.166666667856228e-08,High
8378563200,2016-04-22,12200,9.67000007629395,9.67000007629395,2.0921471118927,4.90999984741211,0.589999973773956,4.17999982833862,0.0,113,12,159,769,4044,4044.7789832353565,12200.0,522.0,0.36250000000000004,0.3625,4.481368979606752e-18,High
8378563200,2016-04-23,5709,4.53000020980835,4.53000020980835,0.0,1.51999998092651,0.519999980926514,2.48000001907349,0.0,19,10,136,740,2908,2908.7058079242724,5709.0,213.0,0.147916625,0.14791666666666667,-4.166666666569641e-08,Moderate
8378563200,2016-04-24,3703,2.94000005722046,2.94000005722046,0.0,0.0,0.0,2.94000005722046,0.0,0,0,135,734,2741,2741.43870675564,3703.0,135.0,0.09375004166666667,0.09375,4.16666666690213e-08,Low
8378563200,2016-04-25,12405,9.84000015258789,9.84000015258789,2.0921471118927,5.05000019073486,0.870000004768372,3.92000007629395,0.0,117,16,141,692,4005,4005.4396892786012,12405.0,524.0,0.3638889166666666,0.3638888888888889,2.7777777784840824e-08,High
8378563200,2016-04-26,16208,12.8500003814697,12.8500003814697,0.0,7.51000022888184,0.920000016689301,4.42000007629395,0.0,90,18,161,593,3763,3763.359616041183,16208.0,467.0,0.324305625,0.32430555555555557,6.944444444721236e-08,High
8378563200,2016-04-27,7359,5.84000015258789,5.84000015258789,0.0,0.330000013113022,0.180000007152557,5.32999992370605,0.0,4,4,192,676,3061,3061.558504700662,7359.0,212.0,0.14722220833333333,0.14722222222222223,-1.388888889140849e-08,Moderate
8378563200,2016-04-28,5417,4.30000019073486,4.30000019073486,0.0,0.899999976158142,0.490000009536743,2.91000008583069,0.0,11,10,139,711,2884,2884.9821081161517,5417.0,192.0,0.13333333333333333,0.13333333333333333,-2.8912057932946783e-19,Moderate
8378563200,2016-04-29,6175,4.90000009536743,4.90000009536743,0.0,0.25,0.360000014305115,4.26999998092651,0.0,3,7,172,767,2982,2982.8799071311964,6147.0,195.0,0.13541666666666666,0.13541666666666666,0.0,Moderate
8378563200,2016-04-30,2946,2.33999991416931,2.33999991416931,0.0,0.0,0.0,2.33999991416931,0.0,0,0,121,780,2660,2660.3577063083667,2946.0,121.0,0.08402783333333334,0.08402777777777777,5.555555555667122e-08,Low
8378563200,2016-05-01,11419,9.0600004196167,9.0600004196167,0.0,6.03000020980835,0.560000002384186,2.47000002861023,0.0,71,10,127,669,3369,3369.966604709626,11419.0,360.0,0.249999875,0.25,-1.2499999999810116e-07,High
8378563200,2016-05-02,6064,4.80999994277954,4.80999994277954,2.0921471118927,0.629999995231628,0.170000001788139,4.01000022888184,0.0,63,4,142,802,3491,3491.3260905742636,6064.0,339.0,0.23541662500000002,0.23541666666666664,-4.166666665875752e-08,Moderate
8378563200,2016-05-03,8712,6.90999984741211,6.90999984741211,2.25308108329773,1.3400000333786,1.05999994277954,4.5,0.0,71,20,195,822,3784,3784.71918606758,8712.0,448.0,0.311111125,0.3111111111111111,1.3888888888083603e-08,Moderate
8378563200,2016-05-04,7875,6.23999977111816,6.23999977111816,0.0,1.55999994277954,0.490000009536743,4.19999980926514,0.0,19,10,167,680,3110,3109.9068056345,7875.0,244.0,0.16944454166666667,0.16944444444444443,9.722222222901741e-08,Moderate
8378563200,2016-05-05,8567,6.78999996185303,6.78999996185303,2.25308108329773,0.889999985694885,0.159999996423721,5.73999977111816,0.0,66,3,214,764,3783,3783.818287253379,8567.0,418.0,0.29027783333333335,0.2902777777777778,5.555555555883963e-08,Moderate
8378563200,2016-05-06,7045,5.59000015258789,5.59000015258789,2.0921471118927,1.54999995231628,0.25,3.77999997138977,0.0,74,5,166,831,3644,3644.7793874740587,7045.0,398.0,0.27638887500000003,0.2763888888888889,-1.3888888888083603e-08,Moderate
8378563200,2016-05-07,4468,3.53999996185303,3.53999996185303,0.0,0.0,0.0,3.53999996185303,0.0,0,0,158,851,2799,2799.3966064453143,4468.0,158.0,0.10972233333333332,0.10972222222222222,1.1111111111478805e-07,Low
8378563200,2016-05-08,2943,2.32999992370605,2.32999992370605,0.0,0.0,0.0,2.32999992370605,0.0,0,0,139,621,2685,2685.883206844332,2943.0,139.0,0.09652775000000001,0.09652777777777777,-2.777777777269776e-08,Low
8378563200,2016-05-09,8382,6.65000009536743,6.65000009536743,2.0921471118927,1.26999998092651,0.660000026226044,4.71999979019165,0.0,71,13,171,772,3721,3721.6561844348894,8382.0,410.0,0.28472220833333334,0.2847222222222222,-1.3888888883891356e-08,Moderate
8378563200,2016-05-10,6582,5.21999979019165,5.21999979019165,2.25308108329773,0.660000026226044,0.639999985694885,3.92000007629395,0.0,63,13,152,840,3586,3586.5211895704256,6582.0,367.0,0.25486108333333335,0.2548611111111111,-2.7777777778191053e-08,Moderate
8378563200,2016-05-11,9143,7.25,7.25,2.0921471118927,1.38999998569489,0.589999973773956,5.26999998092651,0.0,72,10,184,763,3788,3788.3227871656404,9143.0,420.0,0.29166670833333336,0.2916666666666667,4.166666666367257e-08,Moderate
8378563200,2016-05-12,4561,3.61999988555908,3.61999988555908,0.0,0.649999976158142,0.270000010728836,2.69000005722046,0.0,8,6,102,433,1976,1607.2056041955957,4056.0,127.0,0.14111120000000002,0.1411111111111111,8.88888888876671e-08,Low
8583815059,2016-04-12,5014,3.91000008583069,3.91000008583069,0.0,0.0,0.330000013113022,3.57999992370605,0.0,0,7,196,1237,2650,2650.1640347242333,5014.0,210.0,0.14583337500000002,0.14583333333333334,4.166666666670834e-08,Moderate
8583815059,2016-04-13,5571,4.34999990463257,4.34999990463257,0.0,0.150000005960464,0.970000028610229,3.23000001907349,0.0,2,23,163,1252,2654,2654.231284379957,5571.0,215.0,0.14930558333333335,0.14930555555555555,2.777777777790193e-08,Moderate
8583815059,2016-04-14,3135,2.45000004768372,2.45000004768372,0.0,0.0,0.0,2.4300000667572,0.0,0,0,134,1306,2443,2442.4537861347176,3118.0,134.0,0.09305558333333334,0.09305555555555556,2.777777777746825e-08,Low
8583815059,2016-04-15,3430,2.6800000667572,2.6800000667572,0.0,0.0,0.0,0.899999976158142,0.0,0,0,65,1375,2505,2207.8155421018582,1158.0,65.0,0.04513883333333333,0.04513888888888889,-5.5555555555948426e-08,Low
8583815059,2016-04-16,5319,4.15000009536743,4.15000009536743,0.0,0.0,0.0,0.0,0.0,0,0,0,1440,2693,2019.600048065184,0.0,0.0,0.0,0.0,0.0,Moderate
8583815059,2016-04-17,3008,2.34999990463257,2.34999990463257,0.0,0.0,0.0,0.0,0.0,0,0,0,1440,2439,2019.600048065184,0.0,0.0,0.0,0.0,0.0,Low
8583815059,2016-04-18,3864,3.00999999046326,3.00999999046326,0.0,0.310000002384186,1.05999994277954,1.35000002384186,0.0,4,22,105,1309,2536,2498.694029688832,3481.0,161.0,0.1118055,0.11180555555555555,-5.5555555555948426e-08,Low
8583815059,2016-04-19,5697,4.44000005722046,4.44000005722046,0.0,0.529999971389771,0.479999989271164,3.44000005722046,0.0,7,10,166,1257,2668,2668.8172823190666,5697.0,207.0,0.14375000000000002,0.14375000000000002,2.8912057932946786e-18,Moderate
8583815059,2016-04-20,5273,4.1100001335144,4.1100001335144,0.0,0.0,1.03999996185303,3.0699999332428,0.0,0,27,167,1246,2647,2647.6395318508125,5273.0,221.0,0.15347220833333333,0.1534722222222222,-1.3888888886782561e-08,Moderate
8583815059,2016-04-21,8538,6.65999984741211,6.65999984741211,0.0,2.63000011444092,1.01999998092651,3.00999999046326,0.0,35,18,158,1229,2883,2883.119280695913,8538.0,299.0,0.20763883333333333,0.2076388888888889,-5.555555554568464e-08,Moderate
8583815059,2016-04-22,8687,6.78000020980835,6.78000020980835,0.0,0.28999999165535,2.41000008583069,4.07999992370605,0.0,4,54,212,1170,2944,2944.40853333473,8687.0,332.0,0.23055558333333334,0.23055555555555554,2.7777777778191053e-08,Moderate
8583815059,2016-04-23,9423,7.34999990463257,7.34999990463257,0.0,0.529999971389771,2.02999997138977,4.75,0.0,7,44,238,1151,3012,3011.448033452032,9381.0,347.0,0.24097220833333333,0.24097222222222223,-1.3888888889673767e-08,Moderate
8583815059,2016-04-24,8286,6.46000003814697,6.46000003814697,0.0,0.150000005960464,2.04999995231628,4.26999998092651,0.0,2,44,206,1188,2889,2889.4305300712567,8286.0,300.0,0.20833337500000002,0.20833333333333334,4.166666666107049e-08,Moderate
8583815059,2016-04-25,4503,3.50999999046326,3.50999999046326,0.0,1.47000002861023,0.239999994635582,1.80999994277954,0.0,18,6,122,1294,2547,2547.7815368175484,4503.0,188.0,0.13055550000000002,0.13055555555555556,-5.555555555378002e-08,Low
8583815059,2016-04-26,10499,8.1899995803833,8.1899995803833,0.0,0.0700000002980232,4.21999979019165,3.89000010490417,0.0,1,91,214,1134,3093,3093.7747843265515,10499.0,399.0,0.2770833333333333,0.27708333333333335,-1.2287624621502383e-17,High
8583815059,2016-04-27,12474,9.72999954223633,9.72999954223633,0.0,6.59999990463257,0.270000010728836,2.86999988555908,0.0,77,5,129,1229,3142,3142.7220257520653,12474.0,370.0,0.2569445,0.2569444444444445,5.555555556158628e-08,High
8583815059,2016-04-28,6174,4.82000017166138,4.82000017166138,0.0,0.0,1.20000004768372,3.60999989509583,0.0,0,28,203,1209,2757,2757.31503331661,6174.0,259.0,0.17986100000000002,0.1798611111111111,-1.1111111110322323e-07,Moderate
8583815059,2016-04-29,15168,11.8299999237061,11.8299999237061,0.0,3.90000009536743,3.0,4.92000007629395,0.0,46,67,258,1069,3513,3509.896529078481,15156.0,530.0,0.368055625,0.3680555555555556,6.944444446629432e-08,High
8583815059,2016-04-30,10085,7.86999988555908,7.86999988555908,0.0,0.150000005960464,1.27999997138977,6.42999982833862,0.0,2,28,317,1093,3164,3164.60102689266,10085.0,379.0,0.2631944583333333,0.26319444444444445,1.3888888891263931e-08,High
8583815059,2016-05-01,4512,3.51999998092651,3.51999998092651,0.0,0.779999971389771,0.119999997317791,2.03999996185303,0.0,10,2,117,1311,2596,2462.7900375127774,3773.0,151.0,0.104861125,0.10486111111111111,1.3888888893576895e-08,Low
8583815059,2016-05-02,8469,6.6100001335144,6.6100001335144,0.0,0.0,0.0,0.0,0.0,0,0,0,1440,2894,2019.600048065184,0.0,0.0,0.0,0.0,0.0,Moderate
8583815059,2016-05-03,12015,9.36999988555908,9.36999988555908,0.0,0.0,0.0,0.0,0.0,0,0,0,1440,3212,2019.600048065184,0.0,0.0,0.0,0.0,0.0,High
8583815059,2016-05-04,3588,2.79999995231628,2.79999995231628,0.0,0.0,0.0,0.0,0.0,0,0,0,1440,2516,2019.600048065184,0.0,0.0,0.0,0.0,0.0,Low
8583815059,2016-05-05,12427,9.6899995803833,9.6899995803833,0.0,0.0,0.0,1.17999994754791,0.0,0,0,70,1370,3266,2233.6215426921826,1507.0,70.0,0.048611125000000005,0.04861111111111111,1.3888888889095527e-08,High
8583815059,2016-05-06,5843,4.55999994277954,4.55999994277954,0.0,0.140000000596046,1.19000005722046,3.23000001907349,0.0,2,22,166,1250,2683,2682.561784505842,5843.0,216.0,0.15,0.15,6.5052130349130266e-18,Moderate
8583815059,2016-05-07,6117,4.76999998092651,4.76999998092651,0.0,0.0,0.0,4.76999998092651,0.0,0,0,250,1190,2810,2810.750275611875,6117.0,250.0,0.173611125,0.17361111111111108,1.3888888894299697e-08,Moderate
8583815059,2016-05-08,9217,7.19000005722046,7.19000005722046,0.0,0.219999998807907,3.30999994277954,3.66000008583069,0.0,3,72,182,1183,2940,2940.2010332345944,9217.0,335.0,0.23263883333333335,0.23263888888888887,-5.555555555334634e-08,Moderate
8583815059,2016-05-09,9877,7.69999980926514,7.69999980926514,0.0,5.76000022888184,0.170000001788139,1.73000001907349,0.0,66,4,110,1260,2947,2940.0607838630654,9834.0,316.0,0.21944445833333334,0.21944444444444444,1.3888888903840676e-08,Moderate
8583815059,2016-05-10,8240,6.42999982833862,6.42999982833862,0.0,0.689999997615814,2.00999999046326,3.72000002861023,0.0,9,43,162,1226,2846,2842.3065328598004,8217.0,275.0,0.19097220833333337,0.1909722222222222,-1.3888888883746795e-08,Moderate
8583815059,2016-05-11,8701,6.78999996185303,6.78999996185303,0.0,0.370000004768372,3.24000000953674,3.17000007629395,0.0,5,71,177,1106,2804,2730.5272805690747,8597.0,327.0,0.24772722727272728,0.24772727272727274,-4.5454545438347593e-08,Moderate
8583815059,2016-05-12,0,0.0,0.0,0.0,0.0,0.0,0.0,0.0,0,0,0,1440,0,,,,,,,Low
8792009665,2016-04-12,2564,1.63999998569489,1.63999998569489,0.0,0.0,0.0,1.63999998569489,0.0,0,0,116,831,2044,2044.367979049682,2556.0,116.0,0.080555625,0.08055555555555556,6.944444444822427e-08,Low
8792009665,2016-04-13,1320,0.839999973773956,0.839999973773956,0.0,0.0,0.0,0.839999973773956,0.0,0,0,82,806,1934,1934.8377964496606,1320.0,82.0,0.0569445,0.05694444444444444,5.555555555826139e-08,Low
8792009665,2016-04-14,1219,0.779999971389771,0.779999971389771,0.0,0.0,0.0,0.779999971389771,0.0,0,0,84,853,1963,1963.2171385288232,1219.0,84.0,0.058333416666666665,0.05833333333333333,8.333333333413948e-08,Low
8792009665,2016-04-15,2483,1.5900000333786,1.5900000333786,0.0,0.0,0.0,1.5900000333786,0.0,0,0,126,937,2009,2009.6560578346246,2483.0,126.0,0.08750004166666668,0.08750000000000001,4.1666666669744105e-08,Low
8792009665,2016-04-16,244,0.159999996423721,0.159999996423721,0.0,0.0,0.0,0.159999996423721,0.0,0,0,12,1428,1721,1721.4063980579365,244.0,12.0,0.008333333333333333,0.008333333333333333,5.782411586589357e-19,Low
8792009665,2016-04-17,0,0.0,0.0,0.0,0.0,0.0,0.0,0.0,0,0,0,1440,1688,1688.6880683898912,0.0,0.0,0.0,0.0,0.0,Low
8792009665,2016-04-18,0,0.0,0.0,0.0,0.0,0.0,0.0,0.0,0,0,0,1440,1688,1688.6880683898912,0.0,0.0,0.0,0.0,0.0,Low
8792009665,2016-04-19,0,0.0,0.0,0.0,0.0,0.0,0.0,0.0,0,0,0,1440,1688,1688.6880683898912,0.0,0.0,0.0,0.0,0.0,Low
8792009665,2016-04-20,3147,2.00999999046326,2.00999999046326,0.0,0.0,0.280000001192093,1.74000000953674,0.0,0,10,139,744,2188,2188.727349877357,3147.0,159.0,0.11041666666666666,0.11041666666666666,0.0,Low
8792009665,2016-04-21,144,0.0900000035762787,0.0900000035762787,0.0,0.0,0.0,0.0900000035762787,0.0,0,0,9,1431,1720,1720.5855089426027,144.0,9.0,0.0062499999999999995,0.0062499999999999995,0.0,Low
8792009665,2016-04-22,4068,2.59999990463257,2.59999990463257,0.0,0.0500000007450581,0.280000001192093,2.26999998092651,0.0,1,20,195,817,2419,2419.749254226684,4068.0,238.0,0.165277875,0.16527777777777777,9.722222221831996e-08,Low
8792009665,2016-04-23,5245,3.35999989509583,3.35999989509583,0.0,0.159999996423721,0.439999997615814,2.75,0.0,8,45,232,795,2748,2748.105258822441,5245.0,346.0,0.24027779166666666,0.24027777777777778,1.388888888605976e-08,Moderate
8792009665,2016-04-24,400,0.259999990463257,0.259999990463257,0.0,0.0399999991059303,0.0500000007450581,0.159999996423721,0.0,3,8,19,1410,1799,1799.9772992134083,400.0,44.0,0.03055554166666667,0.030555555555555555,-1.388888888620432e-08,Low
8792009665,2016-04-25,0,0.0,0.0,0.0,0.0,0.0,0.0,0.0,0,0,0,1440,1688,1688.6880683898912,0.0,0.0,0.0,0.0,0.0,Low
8792009665,2016-04-26,1321,0.850000023841858,0.850000023841858,0.0,0.0,0.0,0.850000023841858,0.0,0,0,80,1360,1928,1928.2706763744347,1321.0,80.0,0.05555554166666667,0.05555555555555555,-1.3888888888083603e-08,Low
8792009665,2016-04-27,1758,1.12999999523163,1.12999999523163,0.0,0.0,0.0,1.12999999523163,0.0,0,0,112,900,2067,2066.297467708587,1758.0,112.0,0.07777775,0.07777777777777778,-2.7777777774577045e-08,Low
8792009665,2016-04-28,6157,3.94000005722046,3.94000005722046,0.0,0.0,0.0,3.94000005722046,0.0,0,0,310,714,2780,2780.3545072078705,6157.0,310.0,0.21527775000000002,0.2152777777777778,-2.7777777779058415e-08,Moderate
8792009665,2016-04-29,8360,5.34999990463257,5.34999990463257,0.0,0.140000000596046,0.280000001192093,4.92999982833862,0.0,6,14,380,634,3101,3101.6743166446686,8360.0,426.0,0.295833375,0.29583333333333334,4.166666666266065e-08,Moderate
8792009665,2016-04-30,7174,4.59000015258789,4.59000015258789,0.0,0.330000013113022,0.360000014305115,3.91000008583069,0.0,10,20,301,749,2896,2896.920885682106,7174.0,371.0,0.2576388333333333,0.2576388888888889,-5.5555555560718915e-08,Moderate
8792009665,2016-05-01,1619,1.03999996185303,1.03999996185303,0.0,0.0,0.0,1.03999996185303,0.0,0,0,79,834,1962,1962.7480577230447,1619.0,79.0,0.05486108333333334,0.05486111111111111,-2.7777777774577045e-08,Low
8792009665,2016-05-02,1831,1.16999995708466,1.16999995708466,0.0,0.0,0.0,1.16999995708466,0.0,0,0,101,916,2015,2013.8777762651437,1831.0,101.0,0.07013891666666668,0.07013888888888889,2.7777777780359458e-08,Low
8792009665,2016-05-03,2421,1.54999995231628,1.54999995231628,0.0,0.0,0.0,1.54999995231628,0.0,0,0,156,739,2297,2297.7884452342987,2421.0,156.0,0.10833337500000001,0.10833333333333334,4.1666666668876744e-08,Low
8792009665,2016-05-04,2283,1.46000003814697,1.46000003814697,0.0,0.0,0.0,1.46000003814697,0.0,0,0,129,848,2067,2067.235626816749,2283.0,129.0,0.08958333333333333,0.08958333333333333,7.228014483236697e-19,Low
8792009665,2016-05-05,0,0.0,0.0,0.0,0.0,0.0,0.0,0.0,0,0,0,1440,1688,1688.8053383827196,0.0,0.0,0.0,0.0,0.0,Low
8792009665,2016-05-06,0,0.0,0.0,0.0,0.0,0.0,0.0,0.0,0,0,0,1440,1688,1688.6880683898912,0.0,0.0,0.0,0.0,0.0,Low
8792009665,2016-05-07,0,0.0,0.0,0.0,0.0,0.0,0.0,0.0,0,0,0,1440,1688,1688.6880683898912,0.0,0.0,0.0,0.0,0.0,Low
8792009665,2016-05-08,0,0.0,0.0,0.0,0.0,0.0,0.0,0.0,0,0,0,1440,1688,1688.6880683898912,0.0,0.0,0.0,0.0,0.0,Low
8792009665,2016-05-09,0,0.0,0.0,0.0,0.0,0.0,0.0,0.0,0,0,0,1440,1688,1688.6880683898912,0.0,0.0,0.0,0.0,0.0,Low
8792009665,2016-05-10,0,0.0,0.0,0.0,0.0,0.0,0.0,0.0,0,0,0,48,57,,,,,,,Low
8877689391,2016-04-12,23186,20.3999996185303,20.3999996185303,0.0,12.2200002670288,0.340000003576279,7.82000017166138,0.0,85,7,312,1036,3921,3920.584774971006,23186.0,581.0,0.4034721666666667,0.40347222222222223,-5.555555555999611e-08,High
8877689391,2016-04-13,15337,9.57999992370605,9.57999992370605,0.0,3.54999995231628,0.379999995231628,5.6399998664856,0.0,108,18,216,1098,3566,3566.1839969158154,15337.0,576.0,0.39999999999999997,0.39999999999999997,7.517135062566164e-18,High
8877689391,2016-04-14,21129,18.9799995422363,18.9799995422363,0.0,10.5500001907349,0.589999973773956,7.75,0.0199999995529652,68,13,298,1061,3793,3789.382655024527,21071.0,528.0,0.36666662499999997,0.3666666666666667,-4.166666666092592e-08,High
8877689391,2016-04-15,13422,7.17000007629395,7.17000007629395,0.0,0.0500000007450581,0.0500000007450581,7.01000022888184,0.0099999997764825,106,1,281,1052,3934,3918.5537018775926,13375.0,601.0,0.417361125,0.4173611111111111,1.3888888892420412e-08,High
8877689391,2016-04-16,29326,25.2900009155273,25.2900009155273,0.0,13.2399997711182,1.21000003814697,10.710000038147,0.0,94,29,429,888,4547,4537.924420833588,29204.0,769.0,0.53402775,0.5340277777777778,-2.777777778628643e-08,High
8877689391,2016-04-17,15118,8.86999988555908,8.86999988555908,0.0,0.0,0.0700000002980232,8.78999996185303,0.0,58,15,307,1060,3545,3540.5273261070247,15118.0,511.0,0.354861125,0.3548611111111111,1.3888888903551555e-08,High
8877689391,2016-04-18,11423,8.67000007629395,8.67000007629395,0.0,2.44000005722046,0.270000010728836,5.94000005722046,0.0,29,5,191,1215,2761,2759.229426383971,11409.0,288.0,0.19999999999999998,0.19999999999999998,1.1564823173178713e-18,High
8877689391,2016-04-19,18785,17.3999996185303,17.3999996185303,0.0,12.1499996185303,0.180000007152557,5.03000020980835,0.0,82,13,214,1131,3676,3671.161989688872,18748.0,486.0,0.3375000416666667,0.33749999999999997,4.166666666150417e-08,High
8877689391,2016-04-20,19948,18.1100006103516,18.1100006103516,0.0,11.0200004577637,0.689999997615814,6.34000015258789,0.0,73,19,225,1123,3679,3673.046441078184,19881.0,482.0,0.3347222083333334,0.3347222222222222,-1.388888889140849e-08,High
8877689391,2016-04-21,19377,17.6200008392334,17.6200008392334,0.0,12.289999961853,0.419999986886978,4.8899998664856,0.0,82,13,226,1119,3659,3659.3785907030083,19377.0,498.0,0.34583329166666665,0.3458333333333334,-4.166666665283055e-08,High
8877689391,2016-04-22,18258,16.3099994659424,16.3099994659424,0.0,10.2299995422363,0.0299999993294477,5.96999979019165,0.0500000007450581,61,2,236,1141,3427,3412.834634304045,18225.0,423.0,0.29374995833333334,0.29375,-4.1666666659769445e-08,High
8877689391,2016-04-23,11200,7.42999982833862,7.42999982833862,0.0,0.0,0.0,7.40000009536743,0.0099999997764825,102,6,300,1032,3891,3888.9683328866968,11191.0,618.0,0.4291666666666667,0.4291666666666667,0.0,High
8877689391,2016-04-24,16674,15.7399997711182,15.7399997711182,0.0,11.0100002288818,0.0099999997764825,4.69000005722046,0.0,64,1,227,1148,3455,3452.866915225982,16660.0,421.0,0.292361125,0.2923611111111111,1.3888888889095527e-08,High
8877689391,2016-04-25,12986,8.73999977111816,8.73999977111816,0.0,2.36999988555908,0.0700000002980232,6.26999998092651,0.0099999997764825,113,8,218,1101,3802,3799.3202219009377,12957.0,573.0,0.3979167083333333,0.3979166666666667,4.166666666381713e-08,High
8877689391,2016-04-26,11101,8.43000030517578,8.43000030517578,0.0,1.75999999046326,0.129999995231628,6.5,0.0,22,3,258,1157,2860,2855.3698619604106,11070.0,330.0,0.22916666666666666,0.22916666666666666,2.3129646346357427e-18,High
8877689391,2016-04-27,23629,20.6499996185303,20.6499996185303,0.0,13.0699996948242,0.439999997615814,7.09999990463257,0.0,93,8,235,1104,3808,3803.8416162729236,23603.0,530.0,0.36805554166666665,0.3680555555555556,-1.3888888885192399e-08,High
8877689391,2016-04-28,14890,11.3000001907349,11.3000001907349,0.0,4.92999982833862,0.379999995231628,5.96999979019165,0.0,58,8,231,1143,3060,3058.932576417922,14885.0,421.0,0.2923610833333333,0.2923611111111111,-2.777777777240864e-08,High
8877689391,2016-04-29,9733,7.3899998664856,7.3899998664856,0.0,1.37999999523163,0.170000001788139,5.78999996185303,0.0,18,5,210,1207,2698,2695.322043061254,9700.0,274.0,0.19027779166666667,0.19027777777777777,1.3888888893143214e-08,Moderate
8877689391,2016-04-30,27745,26.7199993133545,26.7199993133545,0.0,21.6599998474121,0.0799999982118607,4.92999982833862,0.0,124,4,223,1089,4398,4393.168580532074,27710.0,603.0,0.4187500833333333,0.41875,8.333333331896065e-08,High
8877689391,2016-05-01,10930,8.31999969482422,8.31999969482422,0.0,3.13000011444092,0.569999992847443,4.57000017166138,0.0,36,12,166,1226,2786,2783.082068443296,10890.0,298.0,0.20694441666666666,0.20694444444444446,-2.777777777761281e-08,High
8877689391,2016-05-02,4790,3.64000010490417,3.64000010490417,0.0,0.0,0.0,3.55999994277954,0.0,0,0,105,1335,2189,2183.9853665828664,4699.0,105.0,0.07291666666666667,0.07291666666666667,2.8912057932946783e-19,Low
8877689391,2016-05-03,10818,8.21000003814697,8.21000003814697,0.0,1.38999998569489,0.100000001490116,6.67000007629395,0.0099999997764825,19,3,229,1189,2817,2813.3946876525856,10791.0,292.0,0.20277775,0.20277777777777775,-2.777777777081848e-08,High
8877689391,2016-05-04,18193,16.2999992370605,16.2999992370605,0.0,10.4200000762939,0.310000002384186,5.53000020980835,0.0,66,8,212,1154,3477,3472.3913116455064,18165.0,426.0,0.29583329166666666,0.29583333333333334,-4.1666666664973616e-08,High
8877689391,2016-05-05,14055,10.6700000762939,10.6700000762939,0.0,5.46000003814697,0.819999992847443,4.36999988555908,0.0,67,15,188,1170,3052,3047.835366845129,14055.0,419.0,0.2909722083333333,0.29097222222222224,-1.3888888885047837e-08,High
8877689391,2016-05-06,21727,19.3400001525879,19.3400001525879,0.0,12.789999961853,0.28999999165535,6.15999984741211,0.0,96,17,232,1095,4015,4003.0367588996883,21622.0,554.0,0.3847222083333333,0.3847222222222222,-1.3888888872904773e-08,High
8877689391,2016-05-07,12332,8.13000011444092,8.13000011444092,0.0,0.0799999982118607,0.959999978542328,6.98999977111816,0.0,105,28,271,1036,4142,4127.628772854804,12212.0,642.0,0.4458333333333333,0.4458333333333333,-5.782411586589357e-18,High
8877689391,2016-05-08,10686,8.10999965667725,8.10999965667725,0.0,1.08000004291534,0.200000002980232,6.80000019073486,0.0,17,4,245,1174,2847,2843.5940147638303,10665.0,304.0,0.21111116666666666,0.2111111111111111,5.5555555552334414e-08,High
8877689391,2016-05-09,20226,18.25,18.25,0.0,11.1000003814697,0.800000011920929,6.23999977111816,0.0500000007450581,73,19,217,1131,3710,3700.1799838542943,20156.0,474.0,0.32916670833333334,0.32916666666666666,4.166666666728658e-08,High
8877689391,2016-05-10,10733,8.14999961853027,8.14999961853027,0.0,1.35000002384186,0.46000000834465,6.28000020980835,0.0,18,11,224,1187,2832,2829.995493650436,10693.0,300.0,0.20833329166666667,0.20833333333333334,-4.1666666664106254e-08,High
8877689391,2016-05-11,21420,19.5599994659424,19.5599994659424,0.0,13.2200002670288,0.409999996423721,5.8899998664856,0.0,88,12,213,1127,3832,3828.0371979474994,21391.0,501.0,0.34791662500000003,0.34791666666666665,-4.166666666294977e-08,High
8877689391,2016-05-12,8064,6.11999988555908,6.11999988555908,0.0,1.82000005245209,0.0399999991059303,4.25,0.0,23,1,137,770,1849,1657.577746510508,7577.0,197.0,0.21888893333333334,0.21888888888888888,4.44444444441805e-08,Moderate
